Point_Index,StraightPath_Length,GyroPath_Length,GyroPath_Perc,CLR_Alpha,CLR_Gamma,GyroPath_Pink
0,415.278220,0.000000,0.000000,0,0,0
1,414.451445,0.000000,0.000000,0,0,0
2,414.614279,0.000000,0.000000,0,0,0
3,414.779459,0.000000,0.000000,0,0,0
4,414.946985,0.000000,0.000000,0,0,0
5,415.116851,0.000000,0.000000,0,0,0
6,415.289056,0.000000,0.000000,0,0,0
7,414.479191,0.000000,0.000000,0,0,0
8,414.656484,0.000000,0.000000,0,0,0
9,414.836112,0.000000,0.000000,0,0,0
10,415.018072,0.000000,0.000000,0,0,0
11,415.202360,0.000000,0.000000,0,0,0
12,415.388974,0.000000,0.000000,0,0,0
13,414.596189,0.000000,0.000000,0,0,0
14,414.787898,0.000000,0.000000,0,0,0
15,414.981927,0.000000,0.000000,0,0,0
16,415.178275,0.000000,0.000000,0,0,0
17,415.376937,0.000000,0.000000,0,0,0
18,415.577911,0.000000,0.000000,0,0,0
19,414.802363,0.000000,0.000000,0,0,0
20,415.008434,0.000000,0.000000,0,0,0
21,415.216811,0.000000,0.000000,0,0,0
22,415.427491,0.000000,0.000000,0,0,0
23,415.640470,0.000000,0.000000,0,0,0
24,415.855744,0.000000,0.000000,0,0,0
25,415.097579,0.000000,0.000000,0,0,0
26,415.317950,0.000000,0.000000,0,0,0
27,415.540612,0.000000,0.000000,0,0,0
28,415.765559,0.000000,0.000000,0,0,0
29,415.992788,0.000000,0.000000,0,0,0
30,416.222296,0.000000,0.000000,0,0,0
31,416.454079,0.000000,0.000000,0,0,0
32,415.716249,0.000000,0.000000,0,0,0
33,415.953122,0.000000,0.000000,0,0,0
34,416.192263,0.000000,0.000000,0,0,0
35,416.433668,0.000000,0.000000,0,0,0
36,416.677333,0.000000,0.000000,0,0,0
37,416.923254,0.000000,0.000000,0,0,0
38,416.203075,0.000000,0.000000,0,0,0
39,416.454079,0.000000,0.000000,0,0,0
40,416.707331,0.000000,0.000000,0,0,0
41,416.962828,0.000000,0.000000,0,0,0
42,417.220565,0.000000,0.000000,0,0,0
43,417.480538,0.000000,0.000000,0,0,0
44,416.778118,0.000000,0.000000,0,0,0
45,417.043163,0.000000,0.000000,0,0,0
46,417.310436,0.000000,0.000000,0,0,0
47,417.579932,0.000000,0.000000,0,0,0
48,417.851648,0.000000,0.000000,0,0,0
49,418.125579,0.000000,0.000000,0,0,0
50,417.441014,0.000000,0.000000,0,0,0
51,417.720002,0.000000,0.000000,0,0,0
52,418.001196,0.000000,0.000000,0,0,0
53,418.284592,0.000000,0.000000,0,0,0
54,418.570185,0.000000,0.000000,0,0,0
55,418.857971,0.000000,0.000000,0,0,0
56,418.191344,0.000000,0.000000,0,0,0
57,418.484169,0.000000,0.000000,0,0,0
58,418.779178,0.000000,0.000000,0,0,0
59,419.076365,0.000000,0.000000,0,0,0
60,419.375727,0.000000,0.000000,0,0,0
61,419.677257,0.000000,0.000000,0,0,0
62,419.028639,0.000000,0.000000,0,0,0
63,419.335188,0.000000,0.000000,0,0,0
64,419.643897,0.000000,0.000000,0,0,0
65,419.954759,0.000000,0.000000,0,0,0
66,420.267772,0.000000,0.000000,0,0,0
67,420.582929,0.000000,0.000000,0,0,0
68,419.952378,0.000000,0.000000,0,0,0
69,420.272531,0.000000,0.000000,0,0,0
70,420.594817,0.000000,0.000000,0,0,0
71,420.919232,0.000000,0.000000,0,0,0
72,421.245771,0.000000,0.000000,0,0,0
73,421.574430,0.000000,0.000000,0,0,0
74,421.905203,0.000000,0.000000,0,0,0
75,421.295621,0.000000,0.000000,0,0,0
76,421.631356,0.000000,0.000000,0,0,0
77,421.969193,0.000000,0.000000,0,0,0
78,422.309128,0.000000,0.000000,0,0,0
79,422.651156,0.000000,0.000000,0,0,0
80,422.995272,0.000000,0.000000,0,0,0
81,422.403835,0.000000,0.000000,0,0,0
82,422.752883,0.000000,0.000000,0,0,0
83,423.104006,0.000000,0.000000,0,0,0
84,423.457200,0.000000,0.000000,0,0,0
85,423.812459,0.000000,0.000000,0,0,0
86,424.169777,0.000000,0.000000,0,0,0
87,423.596506,0.000000,0.000000,0,0,0
88,423.958724,0.000000,0.000000,0,0,0
89,424.322990,0.000000,0.000000,0,0,0
90,424.689298,0.000000,0.000000,0,0,0
91,425.057643,0.000000,0.000000,0,0,0
92,425.428020,0.000000,0.000000,0,0,0
93,424.872922,0.000000,0.000000,0,0,0
94,425.248163,0.000000,0.000000,0,0,0
95,425.625422,0.000000,0.000000,0,0,0
96,426.004695,0.000000,0.000000,0,0,0
97,426.385975,0.000000,0.000000,0,0,0
98,426.769258,0.000000,0.000000,0,0,0
99,426.232331,0.000000,0.000000,0,0,0
100,426.620440,0.000000,0.000000,0,0,0
101,427.010539,0.000000,0.000000,0,0,0
102,427.402620,0.000000,0.000000,0,0,0
103,427.796681,0.000000,0.000000,0,0,0
104,428.192714,0.000000,0.000000,0,0,0
105,427.673941,0.000000,0.000000,0,0,0
106,428.074760,0.000000,0.000000,0,0,0
107,428.477537,0.000000,0.000000,0,0,0
108,428.882268,0.000000,0.000000,0,0,0
109,428.376003,0.000000,0.000000,0,0,0
110,428.785494,0.000000,0.000000,0,0,0
111,429.196924,0.000000,0.000000,0,0,0
112,429.610289,0.000000,0.000000,0,0,0
113,429.116534,0.000000,0.000000,0,0,0
114,429.534632,0.000000,0.000000,0,0,0
115,429.954649,0.000000,0.000000,0,0,0
116,430.376579,0.000000,0.000000,0,0,0
117,429.895336,0.000000,0.000000,0,0,0
118,430.321972,0.000000,0.000000,0,0,0
119,430.750508,0.000000,0.000000,0,0,0
120,431.180936,0.000000,0.000000,0,0,0
121,430.712201,0.000000,0.000000,0,0,0
122,431.147307,0.000000,0.000000,0,0,0
123,431.584291,0.000000,0.000000,0,0,0
124,432.023148,0.000000,0.000000,0,0,0
125,431.566913,0.000000,0.000000,0,0,0
126,432.010417,0.000000,0.000000,0,0,0
127,432.455778,0.000000,0.000000,0,0,0
128,432.902991,0.000000,0.000000,0,0,0
129,432.459247,0.000000,0.000000,0,0,0
130,432.911076,0.000000,0.000000,0,0,0
131,433.364742,0.000000,0.000000,0,0,0
132,433.820239,0.000000,0.000000,0,0,0
133,433.388971,0.000000,0.000000,0,0,0
134,433.849052,0.000000,0.000000,0,0,0
135,434.310949,0.000000,0.000000,0,0,0
136,434.774654,0.000000,0.000000,0,0,0
137,434.355845,0.000000,0.000000,0,0,0
138,434.824102,0.000000,0.000000,0,0,0
139,435.294153,0.000000,0.000000,0,0,0
140,435.765992,0.000000,0.000000,0,0,0
141,435.359621,0.000000,0.000000,0,0,0
142,435.835978,0.000000,0.000000,0,0,0
143,436.314107,0.000000,0.000000,0,0,0
144,436.794002,0.000000,0.000000,0,0,0
145,436.400046,0.000000,0.000000,0,0,0
146,436.884424,0.000000,0.000000,0,0,0
147,437.370552,0.000000,0.000000,0,0,0
148,437.858425,0.000000,0.000000,0,0,0
149,437.476857,0.000000,0.000000,0,0,0
150,437.969177,0.000000,0.000000,0,0,0
151,438.463225,0.000000,0.000000,0,0,0
152,438.958996,0.000000,0.000000,0,0,0
153,438.589786,0.000000,0.000000,0,0,0
154,439.089968,0.000000,0.000000,0,0,0
155,439.591856,0.000000,0.000000,0,0,0
156,439.232285,0.000000,0.000000,0,0,0
157,439.738559,0.000000,0.000000,0,0,0
158,440.246522,0.000000,0.000000,0,0,0
159,440.756168,0.000000,0.000000,0,0,0
160,440.408901,0.000000,0.000000,0,0,0
161,440.922896,0.000000,0.000000,0,0,0
162,441.438557,0.000000,0.000000,0,0,0
163,441.955880,0.000000,0.000000,0,0,0
164,441.620878,0.000000,0.000000,0,0,0
165,442.142511,0.000000,0.000000,0,0,0
166,442.665788,0.000000,0.000000,0,0,0
167,443.190704,0.000000,0.000000,0,0,0
168,442.867926,0.000000,0.000000,0,0,0
169,443.397113,0.000000,0.000000,0,0,0
170,443.927922,0.000000,0.000000,0,0,0
171,443.614698,0.000000,0.000000,0,0,0
172,444.149750,0.000000,0.000000,0,0,0
173,444.686406,0.000000,0.000000,0,0,0
174,444.382718,0.000000,0.000000,0,0,0
175,444.923589,0.000000,0.000000,0,0,0
176,445.466048,0.000000,0.000000,0,0,0
177,446.010090,0.000000,0.000000,0,0,0
178,445.718521,0.000000,0.000000,0,0,0
179,446.266736,0.000000,0.000000,0,0,0
180,446.816517,0.000000,0.000000,0,0,0
181,446.534433,0.000000,0.000000,0,0,0
182,447.088358,0.000000,0.000000,0,0,0
183,447.643832,0.000000,0.000000,0,0,0
184,447.371211,0.000000,0.000000,0,0,0
185,447.930798,0.000000,0.000000,0,0,0
186,448.491917,0.000000,0.000000,0,0,0
187,448.228736,0.000000,0.000000,0,0,0
188,448.793939,0.000000,0.000000,0,0,0
189,447.969865,0.000000,0.000000,0,0,0
190,447.403621,0.000000,0.000000,0,0,0
191,446.838897,0.000000,0.000000,0,0,0
192,446.275700,0.000000,0.000000,0,0,0
193,445.714034,0.000000,0.000000,0,0,0
194,445.153906,0.000000,0.000000,0,0,0
195,444.595322,0.000000,0.000000,0,0,0
196,444.038287,0.000000,0.000000,0,0,0
197,443.482807,0.000000,0.000000,0,0,0
198,442.928888,0.000000,0.000000,0,0,0
199,442.376536,0.000000,0.000000,0,0,0
200,441.825758,0.000000,0.000000,0,0,0
201,441.276557,0.000000,0.000000,0,0,0
202,440.728942,0.000000,0.000000,0,0,0
203,440.182917,0.000000,0.000000,0,0,0
204,439.638488,0.000000,0.000000,0,0,0
205,439.095662,0.000000,0.000000,0,0,0
206,438.554444,0.000000,0.000000,0,0,0
207,438.014840,0.000000,0.000000,0,0,0
208,437.476857,0.000000,0.000000,0,0,0
209,436.940499,0.000000,0.000000,0,0,0
210,436.405774,0.000000,0.000000,0,0,0
211,435.872688,0.000000,0.000000,0,0,0
212,435.341245,0.000000,0.000000,0,0,0
213,434.811453,0.000000,0.000000,0,0,0
214,433.433963,0.000000,0.000000,0,0,0
215,432.906456,0.000000,0.000000,0,0,0
216,432.380619,0.000000,0.000000,0,0,0
217,431.856458,0.000000,0.000000,0,0,0
218,431.333977,0.000000,0.000000,0,0,0
219,430.813185,0.000000,0.000000,0,0,0
220,430.294085,0.000000,0.000000,0,0,0
221,429.776686,0.000000,0.000000,0,0,0
222,429.260993,0.000000,0.000000,0,0,0
223,428.747012,0.000000,0.000000,0,0,0
224,428.234749,0.000000,0.000000,0,0,0
225,427.724210,0.000000,0.000000,0,0,0
226,427.215402,0.000000,0.000000,0,0,0
227,426.708331,0.000000,0.000000,0,0,0
228,426.203003,0.000000,0.000000,0,0,0
229,425.699424,0.000000,0.000000,0,0,0
230,425.197601,0.000000,0.000000,0,0,0
231,424.697539,0.000000,0.000000,0,0,0
232,424.199246,0.000000,0.000000,0,0,0
233,423.702726,0.000000,0.000000,0,0,0
234,423.207987,0.000000,0.000000,0,0,0
235,422.715034,0.000000,0.000000,0,0,0
236,422.223874,0.000000,0.000000,0,0,0
237,421.734514,0.000000,0.000000,0,0,0
238,421.246958,0.000000,0.000000,0,0,0
239,420.761215,0.000000,0.000000,0,0,0
240,419.401955,0.000000,0.000000,0,0,0
241,418.918847,0.000000,0.000000,0,0,0
242,418.437570,0.000000,0.000000,0,0,0
243,417.958132,0.000000,0.000000,0,0,0
244,417.480538,0.000000,0.000000,0,0,0
245,417.004796,0.000000,0.000000,0,0,0
246,416.530911,0.000000,0.000000,0,0,0
247,416.058890,0.000000,0.000000,0,0,0
248,415.588739,0.000000,0.000000,0,0,0
249,415.120464,0.000000,0.000000,0,0,0
250,414.654073,0.000000,0.000000,0,0,0
251,414.189570,0.000000,0.000000,0,0,0
252,413.726963,0.000000,0.000000,0,0,0
253,412.378467,0.000000,0.000000,0,0,0
254,411.918681,0.000000,0.000000,0,0,0
255,411.460812,0.000000,0.000000,0,0,0
256,411.004866,0.000000,0.000000,0,0,0
257,410.550849,0.000000,0.000000,0,0,0
258,410.098769,0.000000,0.000000,0,0,0
259,409.648630,0.000000,0.000000,0,0,0
260,409.200440,0.000000,0.000000,0,0,0
261,408.754205,0.000000,0.000000,0,0,0
262,407.413795,0.000000,0.000000,0,0,0
263,406.970515,0.000000,0.000000,0,0,0
264,406.529212,0.000000,0.000000,0,0,0
265,406.089892,0.000000,0.000000,0,0,0
266,405.652561,0.000000,0.000000,0,0,0
267,405.217226,0.000000,0.000000,0,0,0
268,404.783893,0.000000,0.000000,0,0,0
269,403.450121,0.000000,0.000000,0,0,0
270,403.019851,0.000000,0.000000,0,0,0
271,402.591604,0.000000,0.000000,0,0,0
272,402.165389,0.000000,0.000000,0,0,0
273,401.741210,0.000000,0.000000,0,0,0
274,401.319075,0.000000,0.000000,0,0,0
275,399.991250,0.000000,0.000000,0,0,0
276,399.572271,0.000000,0.000000,0,0,0
277,399.155358,0.000000,0.000000,0,0,0
278,398.740517,0.000000,0.000000,0,0,0
279,398.327754,0.000000,0.000000,0,0,0
280,397.005038,0.000000,0.000000,0,0,0
281,396.595512,0.000000,0.000000,0,0,0
282,396.188087,0.000000,0.000000,0,0,0
283,395.782769,0.000000,0.000000,0,0,0
284,394.464194,0.000000,0.000000,0,0,0
285,394.062178,0.000000,0.000000,0,0,0
286,393.662292,0.000000,0.000000,0,0,0
287,393.264542,0.000000,0.000000,0,0,0
288,391.950252,0.000000,0.000000,0,0,0
289,391.555871,0.000000,0.000000,0,0,0
290,391.163649,0.000000,0.000000,0,0,0
291,389.852536,0.000000,0.000000,0,0,0
292,389.463734,0.000000,0.000000,0,0,0
293,389.077113,0.000000,0.000000,0,0,0
294,387.769261,0.000000,0.000000,0,0,0
295,387.386112,0.000000,0.000000,0,0,0
296,387.005168,0.000000,0.000000,0,0,0
297,385.700661,0.000000,0.000000,0,0,0
298,385.323241,0.000000,0.000000,0,0,0
299,384.020833,0.000000,0.000000,0,0,0
300,383.646973,0.000000,0.000000,0,0,0
301,382.346701,0.000000,0.000000,0,0,0
302,381.976439,0.000000,0.000000,0,0,0
303,380.678342,0.000000,0.000000,0,0,0
304,380.311714,0.000000,0.000000,0,0,0
305,379.015831,0.000000,0.000000,0,0,0
306,378.652875,0.000000,0.000000,0,0,0
307,377.359245,0.000000,0.000000,0,0,0
308,376.066483,0.000000,0.000000,0,0,0
309,375.708664,0.000000,0.000000,0,0,0
310,374.418215,0.000000,0.000000,0,0,0
311,373.128664,0.000000,0.000000,0,0,0
312,371.840019,0.000000,0.000000,0,0,0
313,370.552291,0.000000,0.000000,0,0,0
314,369.265487,0.000000,0.000000,0,0,0
315,367.979619,0.000000,0.000000,0,0,0
316,366.694696,0.000000,0.000000,0,0,0
317,365.410728,0.000000,0.000000,0,0,0
318,364.127725,0.000000,0.000000,0,0,0
319,362.845697,0.000000,0.000000,0,0,0
320,361.564655,0.000000,0.000000,0,0,0
321,360.284610,0.000000,0.000000,0,0,0
322,359.005571,0.000000,0.000000,0,0,0
323,357.727550,0.000000,0.000000,0,0,0
324,356.450558,0.000000,0.000000,0,0,0
325,355.174605,0.000000,0.000000,0,0,0
326,353.899703,0.000000,0.000000,0,0,0
327,352.625864,0.000000,0.000000,0,0,0
328,351.353099,0.000000,0.000000,0,0,0
329,350.081419,0.000000,0.000000,0,0,0
330,348.810837,0.000000,0.000000,0,0,0
331,347.541364,0.000000,0.000000,0,0,0
332,346.273014,0.000000,0.000000,0,0,0
333,345.005797,0.000000,0.000000,0,0,0
334,343.739727,0.000000,0.000000,0,0,0
335,342.474817,0.000000,0.000000,0,0,0
336,341.211078,0.000000,0.000000,0,0,0
337,339.948526,0.000000,0.000000,0,0,0
338,338.687171,1119.371432,1.000000,277,90331,1
339,337.427029,1115.206624,1.000000,236,89787,1
340,336.475854,1112.062959,1.000000,238,89273,1
341,335.216348,1107.900255,1.000000,203,88631,1
342,333.958081,1103.741645,1.000000,174,88070,1
343,332.701067,1099.587175,1.000000,146,87356,1
344,331.445320,1095.436892,1.000000,120,86703,1
345,330.190854,1091.290844,1.000000,97,85989,1
346,329.236997,1088.138317,1.000000,110,85667,1
347,327.983231,1083.994584,1.000000,85,84901,1
348,326.730776,1079.855181,1.000000,65,84248,1
349,325.479646,1075.720158,1.000000,45,83695,1
350,324.524267,1072.562602,1.000000,54,83264,1
351,323.273878,1068.430027,1.000000,39,82587,1
352,322.024844,1064.301931,1.000000,23,81961,1
353,320.777181,1060.178369,1.000000,11,81396,1
354,319.820262,1057.015721,1.000000,16,80945,1
355,318.573382,1052.894746,1.000000,7,80178,1
356,317.616120,1049.730966,1.000000,10,79832,1
357,316.370037,1045.612621,1.000000,3,79021,1
358,315.412428,1042.447697,1.000000,7,78653,1
359,314.167153,0.000000,0.000000,0,0,0
360,313.209195,1035.165944,1.000000,2,77550,1
361,311.964742,0.000000,0.000000,0,0,0
362,311.006431,0.000000,0.000000,0,0,0
363,309.762812,0.000000,0.000000,0,0,0
364,308.804145,0.000000,0.000000,0,0,0
365,307.845741,0.000000,0.000000,0,0,0
366,306.602348,0.000000,0.000000,0,0,0
367,305.643583,0.000000,0.000000,0,0,0
368,304.685083,0.000000,0.000000,0,0,0
369,303.726851,0.000000,0.000000,0,0,0
370,302.483057,0.000000,0.000000,0,0,0
371,301.524460,0.000000,0.000000,0,0,0
372,300.566132,0.000000,0.000000,0,0,0
373,299.608077,0.000000,0.000000,0,0,0
374,298.650297,0.000000,0.000000,0,0,0
375,297.692795,0.000000,0.000000,0,0,0
376,296.735573,0.000000,0.000000,0,0,0
377,295.778633,0.000000,0.000000,0,0,0
378,294.821980,0.000000,0.000000,0,0,0
379,293.865616,0.000000,0.000000,0,0,0
380,292.909542,0.000000,0.000000,0,0,0
381,291.953763,0.000000,0.000000,0,0,0
382,290.998282,0.000000,0.000000,0,0,0
383,290.043100,0.000000,0.000000,0,0,0
384,289.088222,0.000000,0.000000,0,0,0
385,288.433701,0.000000,0.000000,0,0,0
386,287.480434,0.000000,0.000000,0,0,0
387,286.527486,0.000000,0.000000,0,0,0
388,285.574859,0.000000,0.000000,0,0,0
389,284.929816,0.000000,0.000000,0,0,0
390,283.978872,0.000000,0.000000,0,0,0
391,283.028267,0.000000,0.000000,0,0,0
392,282.391572,0.000000,0.000000,0,0,0
393,281.442712,0.000000,0.000000,0,0,0
394,280.813105,0.000000,0.000000,0,0,0
395,279.866039,0.000000,0.000000,0,0,0
396,278.919343,0.000000,0.000000,0,0,0
397,278.298401,0.000000,0.000000,0,0,0
398,277.353565,0.000000,0.000000,0,0,0
399,276.739950,0.000000,0.000000,0,0,0
400,275.797027,0.000000,0.000000,0,0,0
401,274.854507,0.000000,0.000000,0,0,0
402,274.249886,0.000000,0.000000,0,0,0
403,273.309349,0.000000,0.000000,0,0,0
404,272.712303,0.000000,0.000000,0,0,0
405,271.773803,0.000000,0.000000,0,0,0
406,271.184439,0.000000,0.000000,0,0,0
407,270.248034,0.000000,0.000000,0,0,0
408,269.666461,0.000000,0.000000,0,0,0
409,268.732209,0.000000,0.000000,0,0,0
410,268.158535,0.000000,0.000000,0,0,0
411,267.226496,0.000000,0.000000,0,0,0
412,266.660833,0.000000,0.000000,0,0,0
413,265.731067,0.000000,0.000000,0,0,0
414,265.173528,0.000000,0.000000,0,0,0
415,264.622372,0.000000,0.000000,0,0,0
416,263.696796,0.000000,0.000000,0,0,0
417,263.153947,0.000000,0.000000,0,0,0
418,262.230814,0.000000,0.000000,0,0,0
419,261.696389,0.000000,0.000000,0,0,0
420,261.168528,0.000000,0.000000,0,0,0
421,260.249880,0.000000,0.000000,0,0,0
422,259.730630,0.000000,0.000000,0,0,0
423,258.814605,0.000000,0.000000,0,0,0
424,258.304084,0.000000,0.000000,0,0,0
425,257.800310,0.000000,0.000000,0,0,0
426,256.889081,0.000000,0.000000,0,0,0
427,256.394228,0.000000,0.000000,0,0,0
428,255.906233,0.000000,0.000000,0,0,0
429,255.000000,0.000000,0.000000,0,0,0
430,254.521119,0.000000,0.000000,0,0,0
431,254.049208,0.000000,0.000000,0,0,0
432,253.148178,0.000000,0.000000,0,0,0
433,252.685575,0.000000,0.000000,0,0,0
434,252.230054,0.000000,0.000000,0,0,0
435,251.334439,0.000000,0.000000,0,0,0
436,250.888421,0.000000,0.000000,0,0,0
437,250.449596,0.000000,0.000000,0,0,0
438,250.017999,0.000000,0.000000,0,0,0
439,249.130488,0.000000,0.000000,0,0,0
440,248.708665,0.000000,0.000000,0,0,0
441,248.294180,0.000000,0.000000,0,0,0
442,247.887071,0.000000,0.000000,0,0,0
443,247.487373,0.000000,0.000000,0,0,0
444,246.611030,0.000000,0.000000,0,0,0
445,246.221445,0.000000,0.000000,0,0,0
446,245.839378,0.000000,0.000000,0,0,0
447,245.464865,0.000000,0.000000,0,0,0
448,245.097940,0.000000,0.000000,0,0,0
449,244.738636,0.000000,0.000000,0,0,0
450,243.877018,0.000000,0.000000,0,0,0
451,243.528232,0.000000,0.000000,0,0,0
452,243.187171,0.000000,0.000000,0,0,0
453,242.853866,0.000000,0.000000,0,0,0
454,242.528349,0.000000,0.000000,0,0,0
455,242.210652,0.000000,0.000000,0,0,0
456,241.900806,0.000000,0.000000,0,0,0
457,241.598841,0.000000,0.000000,0,0,0
458,241.304787,0.000000,0.000000,0,0,0
459,241.018671,0.000000,0.000000,0,0,0
460,240.740524,0.000000,0.000000,0,0,0
461,241.298570,0.000000,0.000000,0,0,0
462,241.033193,0.000000,0.000000,0,0,0
463,240.775829,0.000000,0.000000,0,0,0
464,240.526506,0.000000,0.000000,0,0,0
465,241.101638,0.000000,0.000000,0,0,0
466,240.865107,0.000000,0.000000,0,0,0
467,240.636656,0.000000,0.000000,0,0,0
468,241.223962,0.000000,0.000000,0,0,0
469,241.813978,0.000000,0.000000,0,0,0
470,241.602980,0.000000,0.000000,0,0,0
471,242.200330,0.000000,0.000000,0,0,0
472,242.800329,0.000000,0.000000,0,0,0
473,243.402958,0.000000,0.000000,0,0,0
474,244.008197,0.000000,0.000000,0,0,0
475,244.616026,0.000000,0.000000,0,0,0
476,246.018292,0.000000,0.000000,0,0,0
477,246.629276,0.000000,0.000000,0,0,0
478,247.242796,0.000000,0.000000,0,0,0
479,247.858831,0.000000,0.000000,0,0,0
480,248.477363,0.000000,0.000000,0,0,0
481,249.881972,0.000000,0.000000,0,0,0
482,250.503493,0.000000,0.000000,0,0,0
483,251.127458,0.000000,0.000000,0,0,0
484,251.753848,0.000000,0.000000,0,0,0
485,253.160028,0.000000,0.000000,0,0,0
486,253.789283,0.000000,0.000000,0,0,0
487,254.420911,0.000000,0.000000,0,0,0
488,255.828067,0.000000,0.000000,0,0,0
489,256.462473,0.000000,0.000000,0,0,0
490,257.099203,0.000000,0.000000,0,0,0
491,258.507253,0.000000,0.000000,0,0,0
492,259.146677,0.000000,0.000000,0,0,0
493,259.788375,0.000000,0.000000,0,0,0
494,260.432333,0.000000,0.000000,0,0,0
495,261.841555,0.000000,0.000000,0,0,0
496,262.488095,0.000000,0.000000,0,0,0
497,263.136847,0.000000,0.000000,0,0,0
498,264.546782,0.000000,0.000000,0,0,0
499,265.198039,0.000000,0.000000,0,0,0
500,265.851462,0.000000,0.000000,0,0,0
501,267.262044,0.000000,0.000000,0,0,0
502,267.917898,0.000000,0.000000,0,0,0
503,268.575874,0.000000,0.000000,0,0,0
504,269.987037,0.000000,0.000000,0,0,0
505,270.647372,0.000000,0.000000,0,0,0
506,271.309786,0.000000,0.000000,0,0,0
507,272.721470,0.000000,0.000000,0,0,0
508,273.386174,0.000000,0.000000,0,0,0
509,274.798108,0.000000,0.000000,0,0,0
510,275.465061,0.000000,0.000000,0,0,0
511,276.134025,0.000000,0.000000,0,0,0
512,277.546393,0.000000,0.000000,0,0,0
513,278.217541,0.000000,0.000000,0,0,0
514,278.890660,0.000000,0.000000,0,0,0
515,280.303407,0.000000,0.000000,0,0,0
516,280.978647,0.000000,0.000000,0,0,0
517,281.655818,0.000000,0.000000,0,0,0
518,283.068896,0.000000,0.000000,0,0,0
519,283.748128,0.000000,0.000000,0,0,0
520,285.161358,0.000000,0.000000,0,0,0
521,285.842614,0.000000,0.000000,0,0,0
522,286.525741,0.000000,0.000000,0,0,0
523,287.939230,0.000000,0.000000,0,0,0
524,288.624323,0.000000,0.000000,0,0,0
525,290.037929,0.000000,0.000000,0,0,0
526,290.724956,0.000000,0.000000,0,0,0
527,291.413795,0.000000,0.000000,0,0,0
528,292.827594,0.000000,0.000000,0,0,0
529,293.518313,0.000000,0.000000,0,0,0
530,294.210809,0.000000,0.000000,0,0,0
531,295.624762,0.000000,0.000000,0,0,0
532,296.319085,0.000000,0.000000,0,0,0
533,297.733102,0.000000,0.000000,0,0,0
534,298.429221,0.000000,0.000000,0,0,0
535,299.127063,0.000000,0.000000,0,0,0
536,300.541179,0.000000,0.000000,0,0,0
537,301.240767,0.000000,0.000000,0,0,0
538,302.654919,0.000000,0.000000,0,0,0
539,303.356226,0.000000,0.000000,0,0,0
540,304.059205,0.000000,0.000000,0,0,0
541,305.473403,0.000000,0.000000,0,0,0
542,306.178053,0.000000,0.000000,0,0,0
543,307.592263,0.000000,0.000000,0,0,0
544,308.298557,0.000000,0.000000,0,0,0
545,309.712770,0.000000,0.000000,0,0,0
546,310.420682,0.000000,0.000000,0,0,0
547,311.130198,0.000000,0.000000,0,0,0
548,312.544397,0.000000,0.000000,0,0,0
549,313.255487,0.000000,0.000000,0,0,0
550,314.669668,0.000000,0.000000,0,0,0
551,315.382308,0.000000,0.000000,0,0,0
552,316.796465,0.000000,0.000000,0,0,0
553,317.510630,0.000000,0.000000,0,0,0
554,318.226335,0.000000,0.000000,0,0,0
555,319.640423,0.000000,0.000000,0,0,0
556,320.357613,0.000000,0.000000,0,0,0
557,321.771658,0.000000,0.000000,0,0,0
558,322.490310,0.000000,0.000000,0,0,0
559,323.904307,0.000000,0.000000,0,0,0
560,324.624398,0.000000,0.000000,0,0,0
561,325.345970,0.000000,0.000000,0,0,0
562,326.759851,0.000000,0.000000,0,0,0
563,327.482824,0.000000,0.000000,0,0,0
564,328.896640,0.000000,0.000000,0,0,0
565,329.620994,0.000000,0.000000,0,0,0
566,331.034741,0.000000,0.000000,0,0,0
567,331.760456,0.000000,0.000000,0,0,0
568,333.174129,0.000000,0.000000,0,0,0
569,333.901183,0.000000,0.000000,0,0,0
570,335.314777,0.000000,0.000000,0,0,0
571,336.043152,0.000000,0.000000,0,0,0
572,337.456664,0.000000,0.000000,0,0,0
573,338.186339,0.000000,0.000000,0,0,0
574,338.917394,0.000000,0.000000,0,0,0
575,340.330722,0.000000,0.000000,0,0,0
576,341.063044,0.000000,0.000000,0,0,0
577,342.476277,0.000000,0.000000,0,0,0
578,343.209848,0.000000,0.000000,0,0,0
579,344.622982,0.000000,0.000000,0,0,0
580,345.357785,0.000000,0.000000,0,0,0
581,346.770818,0.000000,0.000000,0,0,0
582,347.506834,0.000000,0.000000,0,0,0
583,348.919762,0.000000,0.000000,0,0,0
584,349.656975,0.000000,0.000000,0,0,0
585,351.069794,0.000000,0.000000,0,0,0
586,351.808186,0.000000,0.000000,0,0,0
587,353.220894,0.000000,0.000000,0,0,0
588,353.960450,0.000000,0.000000,0,0,0
589,355.373043,0.000000,0.000000,0,0,0
590,356.113746,0.000000,0.000000,0,0,0
591,357.526223,0.000000,0.000000,0,0,0
592,358.938713,0.000000,0.000000,0,0,0
593,359.680414,0.000000,0.000000,0,0,0
594,361.092786,0.000000,0.000000,0,0,0
595,361.835598,0.000000,0.000000,0,0,0
596,363.247849,0.000000,0.000000,0,0,0
597,363.991758,0.000000,0.000000,0,0,0
598,365.403886,0.000000,0.000000,0,0,0
599,366.148877,0.000000,0.000000,0,0,0
600,367.560879,0.000000,0.000000,0,0,0
601,368.972899,0.000000,0.000000,0,0,0
602,369.718812,0.000000,0.000000,0,0,0
603,371.130705,0.000000,0.000000,0,0,0
604,372.542615,0.000000,0.000000,0,0,0
605,373.289432,0.000000,0.000000,0,0,0
606,374.701214,0.000000,0.000000,0,0,0
607,376.113015,0.000000,0.000000,0,0,0
608,377.524834,0.000000,0.000000,0,0,0
609,378.272389,0.000000,0.000000,0,0,0
610,379.684079,0.000000,0.000000,0,0,0
611,381.095788,0.000000,0.000000,0,0,0
612,382.507516,0.000000,0.000000,0,0,0
613,383.919262,0.000000,0.000000,0,0,0
614,384.584191,0.000000,0.000000,0,0,0
615,385.996114,0.000000,0.000000,0,0,0
616,387.408054,0.000000,0.000000,0,0,0
617,388.074735,0.000000,0.000000,0,0,0
618,389.486842,0.000000,0.000000,0,0,0
619,390.898964,0.000000,0.000000,0,0,0
620,392.311101,0.000000,0.000000,0,0,0
621,392.979643,0.000000,0.000000,0,0,0
622,394.391937,0.000000,0.000000,0,0,0
623,395.062020,0.000000,0.000000,0,0,0
624,396.474463,0.000000,0.000000,0,0,0
625,397.886919,0.000000,0.000000,0,0,0
626,398.558653,0.000000,0.000000,0,0,0
627,399.971249,0.000000,0.000000,0,0,0
628,400.644481,0.000000,0.000000,0,0,0
629,402.057210,0.000000,0.000000,0,0,0
630,402.731921,0.000000,0.000000,0,0,0
631,404.144776,0.000000,0.000000,0,0,0
632,404.820948,0.000000,0.000000,0,0,0
633,406.233923,0.000000,0.000000,0,0,0
634,407.646906,0.000000,0.000000,0,0,0
635,408.324626,0.000000,0.000000,0,0,0
636,409.003667,0.000000,0.000000,0,0,0
637,410.416861,0.000000,0.000000,0,0,0
638,411.097312,0.000000,0.000000,0,0,0
639,412.510606,0.000000,0.000000,0,0,0
640,413.923906,0.000000,0.000000,0,0,0
641,414.605837,0.000000,0.000000,0,0,0
642,415.289056,0.000000,0.000000,0,0,0
643,416.702532,0.000000,0.000000,0,0,0
644,417.387110,0.000000,0.000000,0,0,0
645,418.800669,0.000000,0.000000,0,0,0
646,419.486591,0.000000,0.000000,0,0,0
647,420.900226,0.000000,0.000000,0,0,0
648,421.587476,0.000000,0.000000,0,0,0
649,423.001182,0.000000,0.000000,0,0,0
650,423.689745,0.000000,0.000000,0,0,0
651,425.103517,0.000000,0.000000,0,0,0
652,425.793377,0.000000,0.000000,0,0,0
653,427.207210,0.000000,0.000000,0,0,0
654,427.898352,0.000000,0.000000,0,0,0
655,428.590714,0.000000,0.000000,0,0,0
656,430.004651,0.000000,0.000000,0,0,0
657,430.698270,0.000000,0.000000,0,0,0
658,432.112254,0.000000,0.000000,0,0,0
659,432.807116,0.000000,0.000000,0,0,0
660,434.221142,0.000000,0.000000,0,0,0
661,434.917234,0.000000,0.000000,0,0,0
662,435.614508,0.000000,0.000000,0,0,0
663,437.028603,0.000000,0.000000,0,0,0
664,437.727084,0.000000,0.000000,0,0,0
665,439.141207,0.000000,0.000000,0,0,0
666,439.840880,0.000000,0.000000,0,0,0
667,440.541712,0.000000,0.000000,0,0,0
668,441.955880,0.000000,0.000000,0,0,0
669,442.657881,0.000000,0.000000,0,0,0
670,444.072066,0.000000,0.000000,0,0,0
671,444.775224,0.000000,0.000000,0,0,0
672,445.479517,0.000000,0.000000,0,0,0
673,446.893723,0.000000,0.000000,0,0,0
674,447.599151,0.000000,0.000000,0,0,0
675,448.305699,0.000000,0.000000,0,0,0
676,449.719913,0.000000,0.000000,0,0,0
677,450.427575,0.000000,0.000000,0,0,0
678,451.841786,0.000000,0.000000,0,0,0
679,452.550550,0.000000,0.000000,0,0,0
680,453.260411,0.000000,0.000000,0,0,0
681,454.674609,0.000000,0.000000,0,0,0
682,455.385551,0.000000,0.000000,0,0,0
683,456.097577,0.000000,0.000000,0,0,0
684,457.511748,0.000000,0.000000,0,0,0
685,458.224836,0.000000,0.000000,0,0,0
686,458.938994,0.000000,0.000000,0,0,0
687,460.353125,0.000000,0.000000,0,0,0
688,461.068325,0.000000,0.000000,0,0,0
689,461.784582,0.000000,0.000000,0,0,0
690,463.198661,0.000000,0.000000,0,0,0
691,463.915941,0.000000,0.000000,0,0,0
692,464.634265,0.000000,0.000000,0,0,0
693,466.048281,0.000000,0.000000,0,0,0
694,466.767608,0.000000,0.000000,0,0,0
695,467.487968,0.000000,0.000000,0,0,0
696,468.901909,0.000000,0.000000,0,0,0
697,469.623253,0.000000,0.000000,0,0,0
698,470.345618,0.000000,0.000000,0,0,0
699,471.759473,0.000000,0.000000,0,0,0
700,472.482804,0.000000,0.000000,0,0,0
701,473.207143,0.000000,0.000000,0,0,0
702,473.932485,0.000000,0.000000,0,0,0
703,475.346190,0.000000,0.000000,0,0,0
704,476.072473,0.000000,0.000000,0,0,0
705,476.799748,0.000000,0.000000,0,0,0
706,477.528010,0.000000,0.000000,0,0,0
707,478.941541,0.000000,0.000000,0,0,0
708,479.670720,0.000000,0.000000,0,0,0
709,480.400874,0.000000,0.000000,0,0,0
710,481.131999,0.000000,0.000000,0,0,0
711,482.545335,0.000000,0.000000,0,0,0
712,483.277353,0.000000,0.000000,0,0,0
713,484.010330,0.000000,0.000000,0,0,0
714,484.744262,0.000000,0.000000,0,0,0
715,485.479145,0.000000,0.000000,0,0,0
716,486.892185,0.000000,0.000000,0,0,0
717,487.627932,0.000000,0.000000,0,0,0
718,488.364618,0.000000,0.000000,0,0,0
719,489.102239,0.000000,0.000000,0,0,0
720,489.840790,0.000000,0.000000,0,0,0
721,490.580269,0.000000,0.000000,0,0,0
722,491.320669,0.000000,0.000000,0,0,0
723,492.061988,0.000000,0.000000,0,0,0
724,492.804221,0.000000,0.000000,0,0,0
725,493.547363,0.000000,0.000000,0,0,0
726,494.291412,0.000000,0.000000,0,0,0
727,495.036362,0.000000,0.000000,0,0,0
728,496.448386,0.000000,0.000000,0,0,0
729,497.115681,0.000000,0.000000,0,0,0
730,497.784090,0.000000,0.000000,0,0,0
731,498.453609,0.000000,0.000000,0,0,0
732,499.124233,0.000000,0.000000,0,0,0
733,499.795958,0.000000,0.000000,0,0,0
734,500.468780,0.000000,0.000000,0,0,0
735,500.404836,0.000000,0.000000,0,0,0
736,501.080832,0.000000,0.000000,0,0,0
737,501.757910,0.000000,0.000000,0,0,0
738,502.436066,0.000000,0.000000,0,0,0
739,502.382325,0.000000,0.000000,0,0,0
740,503.063614,0.000000,0.000000,0,0,0
741,503.745968,0.000000,0.000000,0,0,0
742,503.700308,0.000000,0.000000,0,0,0
743,504.385765,0.000000,0.000000,0,0,0
744,504.346111,0.000000,0.000000,0,0,0
745,505.034652,0.000000,0.000000,0,0,0
746,505.724233,0.000000,0.000000,0,0,0
747,505.692594,0.000000,0.000000,0,0,0
748,506.385229,0.000000,0.000000,0,0,0
749,507.078889,0.000000,0.000000,0,0,0
750,507.055224,0.000000,0.000000,0,0,0
751,507.751908,0.000000,0.000000,0,0,0
752,507.734182,0.000000,0.000000,0,0,0
753,508.433870,0.000000,0.000000,0,0,0
754,508.422069,0.000000,0.000000,0,0,0
755,509.124739,0.000000,0.000000,0,0,0
756,509.118847,0.000000,0.000000,0,0,0
757,509.824480,0.000000,0.000000,0,0,0
758,509.824480,0.000000,0.000000,0,0,0
759,510.533055,0.000000,0.000000,0,0,0
760,511.242604,0.000000,0.000000,0,0,0
761,511.250428,0.000000,0.000000,0,0,0
762,511.962889,0.000000,0.000000,0,0,0
763,511.976562,0.000000,0.000000,0,0,0
764,512.691915,0.000000,0.000000,0,0,0
765,512.711420,0.000000,0.000000,0,0,0
766,513.429645,0.000000,0.000000,0,0,0
767,513.454964,0.000000,0.000000,0,0,0
768,513.484177,0.000000,0.000000,0,0,0
769,514.207157,0.000000,0.000000,0,0,0
770,514.242161,0.000000,0.000000,0,0,0
771,514.967960,0.000000,0.000000,0,0,0
772,515.008738,0.000000,0.000000,0,0,0
773,515.737336,0.000000,0.000000,0,0,0
774,515.783869,0.000000,0.000000,0,0,0
775,516.515247,0.000000,0.000000,0,0,0
776,516.567517,0.000000,0.000000,0,0,0
777,517.301653,0.000000,0.000000,0,0,0
778,517.359643,0.000000,0.000000,0,0,0
779,517.421492,0.000000,0.000000,0,0,0
780,518.160207,0.000000,0.000000,0,0,0
781,518.227749,0.000000,0.000000,0,0,0
782,518.969171,0.000000,0.000000,0,0,0
783,519.042387,0.000000,0.000000,0,0,0
784,519.119447,0.000000,0.000000,0,0,0
785,519.865367,0.000000,0.000000,0,0,0
786,519.948074,0.000000,0.000000,0,0,0
787,520.696649,0.000000,0.000000,0,0,0
788,520.784984,0.000000,0.000000,0,0,0
789,520.877145,0.000000,0.000000,0,0,0
790,521.630137,0.000000,0.000000,0,0,0
791,521.727898,0.000000,0.000000,0,0,0
792,521.829474,0.000000,0.000000,0,0,0
793,522.586835,0.000000,0.000000,0,0,0
794,522.693983,0.000000,0.000000,0,0,0
795,523.453914,0.000000,0.000000,0,0,0
796,523.566615,0.000000,0.000000,0,0,0
797,523.683110,0.000000,0.000000,0,0,0
798,523.803398,0.000000,0.000000,0,0,0
799,524.569347,0.000000,0.000000,0,0,0
800,524.695150,0.000000,0.000000,0,0,0
801,524.824733,0.000000,0.000000,0,0,0
802,525.594901,0.000000,0.000000,0,0,0
803,525.729969,0.000000,0.000000,0,0,0
804,525.868805,0.000000,0.000000,0,0,0
805,526.011407,0.000000,0.000000,0,0,0
806,526.787433,0.000000,0.000000,0,0,0
807,526.935480,0.000000,0.000000,0,0,0
808,527.087279,0.000000,0.000000,0,0,0
809,527.242828,0.000000,0.000000,0,0,0
810,527.402124,0.000000,0.000000,0,0,0
811,528.185573,0.000000,0.000000,0,0,0
812,528.350263,0.000000,0.000000,0,0,0
813,528.518685,0.000000,0.000000,0,0,0
814,528.690836,0.000000,0.000000,0,0,0
815,528.866713,0.000000,0.000000,0,0,0
816,529.046312,0.000000,0.000000,0,0,0
817,529.229629,0.000000,0.000000,0,0,0
818,529.416660,0.000000,0.000000,0,0,0
819,528.810930,0.000000,0.000000,0,0,0
820,529.003781,0.000000,0.000000,0,0,0
821,529.200340,0.000000,0.000000,0,0,0
822,528.600038,0.000000,0.000000,0,0,0
823,528.802421,0.000000,0.000000,0,0,0
824,528.205452,0.000000,0.000000,0,0,0
825,527.609704,0.000000,0.000000,0,0,0
826,527.015180,0.000000,0.000000,0,0,0
827,526.421884,0.000000,0.000000,0,0,0
828,526.636497,0.000000,0.000000,0,0,0
829,526.046576,0.000000,0.000000,0,0,0
830,525.457896,0.000000,0.000000,0,0,0
831,524.870460,0.000000,0.000000,0,0,0
832,524.284274,0.000000,0.000000,0,0,0
833,523.699341,0.000000,0.000000,0,0,0
834,523.115666,0.000000,0.000000,0,0,0
835,522.533253,0.000000,0.000000,0,0,0
836,521.952105,0.000000,0.000000,0,0,0
837,521.372228,0.000000,0.000000,0,0,0
838,520.793625,0.000000,0.000000,0,0,0
839,520.216301,0.000000,0.000000,0,0,0
840,519.640260,0.000000,0.000000,0,0,0
841,519.065506,0.000000,0.000000,0,0,0
842,518.492044,0.000000,0.000000,0,0,0
843,517.919878,0.000000,0.000000,0,0,0
844,517.349012,0.000000,0.000000,0,0,0
845,516.779450,0.000000,0.000000,0,0,0
846,516.211197,0.000000,0.000000,0,0,0
847,515.644257,0.000000,0.000000,0,0,0
848,515.078635,0.000000,0.000000,0,0,0
849,514.514334,0.000000,0.000000,0,0,0
850,513.951360,0.000000,0.000000,0,0,0
851,513.389716,0.000000,0.000000,0,0,0
852,512.000977,0.000000,0.000000,0,0,0
853,511.441101,0.000000,0.000000,0,0,0
854,510.882570,0.000000,0.000000,0,0,0
855,510.325386,0.000000,0.000000,0,0,0
856,509.769556,0.000000,0.000000,0,0,0
857,509.215082,0.000000,0.000000,0,0,0
858,508.661970,0.000000,0.000000,0,0,0
859,508.110224,0.000000,0.000000,0,0,0
860,507.559849,0.000000,0.000000,0,0,0
861,506.174871,0.000000,0.000000,0,0,0
862,505.626344,0.000000,0.000000,0,0,0
863,505.079202,0.000000,0.000000,0,0,0
864,504.533448,0.000000,0.000000,0,0,0
865,503.989087,0.000000,0.000000,0,0,0
866,503.446124,0.000000,0.000000,0,0,0
867,502.904564,0.000000,0.000000,0,0,0
868,501.522681,0.000000,0.000000,0,0,0
869,500.983034,0.000000,0.000000,0,0,0
870,500.444802,0.000000,0.000000,0,0,0
871,499.907992,0.000000,0.000000,0,0,0
872,499.372606,0.000000,0.000000,0,0,0
873,498.838651,0.000000,0.000000,0,0,0
874,497.459546,0.000000,0.000000,0,0,0
875,496.927560,0.000000,0.000000,0,0,0
876,496.397019,0.000000,0.000000,0,0,0
877,495.867926,0.000000,0.000000,0,0,0
878,495.340287,0.000000,0.000000,0,0,0
879,493.963561,0.000000,0.000000,0,0,0
880,493.437939,0.000000,0.000000,0,0,0
881,492.913786,0.000000,0.000000,0,0,0
882,492.391105,0.000000,0.000000,0,0,0
883,491.869901,0.000000,0.000000,0,0,0
884,490.495668,0.000000,0.000000,0,0,0
885,489.976530,0.000000,0.000000,0,0,0
886,489.458885,0.000000,0.000000,0,0,0
887,488.942737,0.000000,0.000000,0,0,0
888,487.570508,0.000000,0.000000,0,0,0
889,487.056465,0.000000,0.000000,0,0,0
890,486.543934,0.000000,0.000000,0,0,0
891,486.032921,0.000000,0.000000,0,0,0
892,484.662769,0.000000,0.000000,0,0,0
893,484.153901,0.000000,0.000000,0,0,0
894,483.646565,0.000000,0.000000,0,0,0
895,483.140766,0.000000,0.000000,0,0,0
896,481.772768,0.000000,0.000000,0,0,0
897,481.269155,0.000000,0.000000,0,0,0
898,480.767095,0.000000,0.000000,0,0,0
899,480.266593,0.000000,0.000000,0,0,0
900,478.900825,0.000000,0.000000,0,0,0
901,478.402550,0.000000,0.000000,0,0,0
902,477.905848,0.000000,0.000000,0,0,0
903,476.541709,0.000000,0.000000,0,0,0
904,476.047267,0.000000,0.000000,0,0,0
905,475.554413,0.000000,0.000000,0,0,0
906,475.063154,0.000000,0.000000,0,0,0
907,473.701383,0.000000,0.000000,0,0,0
908,473.212426,0.000000,0.000000,0,0,0
909,472.725079,0.000000,0.000000,0,0,0
910,471.365039,0.000000,0.000000,0,0,0
911,470.880027,0.000000,0.000000,0,0,0
912,470.396641,0.000000,0.000000,0,0,0
913,469.038378,0.000000,0.000000,0,0,0
914,468.557360,0.000000,0.000000,0,0,0
915,468.077985,0.000000,0.000000,0,0,0
916,466.721544,0.000000,0.000000,0,0,0
917,466.244571,0.000000,0.000000,0,0,0
918,465.769256,0.000000,0.000000,0,0,0
919,464.414685,0.000000,0.000000,0,0,0
920,463.941807,0.000000,0.000000,0,0,0
921,462.588370,0.000000,0.000000,0,0,0
922,462.117950,0.000000,0.000000,0,0,0
923,461.649217,0.000000,0.000000,0,0,0
924,460.297730,0.000000,0.000000,0,0,0
925,459.831491,0.000000,0.000000,0,0,0
926,458.481188,0.000000,0.000000,0,0,0
927,458.017467,0.000000,0.000000,0,0,0
928,457.555461,0.000000,0.000000,0,0,0
929,456.207190,0.000000,0.000000,0,0,0
930,455.747737,0.000000,0.000000,0,0,0
931,454.400704,0.000000,0.000000,0,0,0
932,453.943829,0.000000,0.000000,0,0,0
933,452.598056,0.000000,0.000000,0,0,0
934,452.143782,0.000000,0.000000,0,0,0
935,450.799290,0.000000,0.000000,0,0,0
936,450.347643,0.000000,0.000000,0,0,0
937,449.004454,0.000000,0.000000,0,0,0
938,448.555459,0.000000,0.000000,0,0,0
939,447.213595,0.000000,0.000000,0,0,0
940,446.767277,0.000000,0.000000,0,0,0
941,445.426762,0.000000,0.000000,0,0,0
942,444.086703,0.000000,0.000000,0,0,0
943,443.644001,0.000000,0.000000,0,0,0
944,442.305324,0.000000,0.000000,0,0,0
945,440.967119,0.000000,0.000000,0,0,0
946,440.528092,0.000000,0.000000,0,0,0
947,439.191302,0.000000,0.000000,0,0,0
948,437.854999,0.000000,0.000000,0,0,0
949,437.419707,0.000000,0.000000,0,0,0
950,436.084854,0.000000,0.000000,0,0,0
951,434.750503,0.000000,0.000000,0,0,0
952,433.416659,0.000000,0.000000,0,0,0
953,432.986143,0.000000,0.000000,0,0,0
954,431.653796,0.000000,0.000000,0,0,0
955,430.321972,0.000000,0.000000,0,0,0
956,428.990676,0.000000,0.000000,0,0,0
957,427.659912,0.000000,0.000000,0,0,0
958,427.235298,0.000000,0.000000,0,0,0
959,425.906093,0.000000,0.000000,0,0,0
960,424.577437,0.000000,0.000000,0,0,0
961,423.249335,0.000000,0.000000,0,0,0
962,421.921794,0.000000,0.000000,0,0,0
963,420.594817,0.000000,0.000000,0,0,0
964,419.268410,0.000000,0.000000,0,0,0
965,417.942580,0.000000,0.000000,0,0,0
966,416.617330,0.000000,0.000000,0,0,0
967,416.203075,0.000000,0.000000,0,0,0
968,414.879501,0.000000,0.000000,0,0,0
969,413.556526,0.000000,0.000000,0,0,0
970,412.234157,0.000000,0.000000,0,0,0
971,410.912399,0.000000,0.000000,0,0,0
972,409.591260,0.000000,0.000000,0,0,0
973,408.678358,0.000000,0.000000,0,0,0
974,407.357337,0.000000,0.000000,0,0,0
975,406.036944,0.000000,0.000000,0,0,0
976,404.717185,0.000000,0.000000,0,0,0
977,403.398066,0.000000,0.000000,0,0,0
978,402.079594,0.000000,0.000000,0,0,0
979,400.761775,0.000000,0.000000,0,0,0
980,399.444614,0.000000,0.000000,0,0,0
981,398.128120,0.000000,0.000000,0,0,0
982,396.812298,0.000000,0.000000,0,0,0
983,395.497155,0.000000,0.000000,0,0,0
984,394.579523,0.000000,0.000000,0,0,0
985,393.264542,0.000000,0.000000,0,0,0
986,391.950252,0.000000,0.000000,0,0,0
987,390.636660,0.000000,0.000000,0,0,0
988,389.323773,0.000000,0.000000,0,0,0
989,388.011598,0.000000,0.000000,0,0,0
990,386.700142,0.000000,0.000000,0,0,0
991,385.779730,0.000000,0.000000,0,0,0
992,384.468464,0.000000,0.000000,0,0,0
993,383.157931,0.000000,0.000000,0,0,0
994,381.848137,0.000000,0.000000,0,0,0
995,380.539091,0.000000,0.000000,0,0,0
996,379.616912,0.000000,0.000000,0,0,0
997,378.308076,0.000000,0.000000,0,0,0
998,377.000000,0.000000,0.000000,0,0,0
999,375.692694,0.000000,0.000000,0,0,0
1000,374.386164,0.000000,0.000000,0,0,0
1001,373.462180,0.000000,0.000000,0,0,0
1002,372.155881,0.000000,0.000000,0,0,0
1003,370.850374,0.000000,0.000000,0,0,0
1004,369.545667,0.000000,0.000000,0,0,0
1005,368.241768,0.000000,0.000000,0,0,0
1006,367.315940,0.000000,0.000000,0,0,0
1007,366.012295,0.000000,0.000000,0,0,0
1008,364.709473,0.000000,0.000000,0,0,0
1009,363.407485,0.000000,0.000000,0,0,0
1010,362.480344,0.000000,0.000000,0,0,0
1011,361.178626,0.000000,0.000000,0,0,0
1012,359.877757,0.000000,0.000000,0,0,0
1013,358.577746,0.000000,0.000000,0,0,0
1014,357.649270,0.000000,0.000000,0,0,0
1015,356.349547,0.000000,0.000000,0,0,0
1016,355.050701,0.000000,0.000000,0,0,0
1017,353.752739,0.000000,0.000000,0,0,0
1018,352.822902,0.000000,0.000000,0,0,0
1019,351.525248,0.000000,0.000000,0,0,0
1020,350.228497,0.000000,0.000000,0,0,0
1021,348.932658,0.000000,0.000000,0,0,0
1022,347.637742,0.000000,0.000000,0,0,0
1023,346.705927,0.000000,0.000000,0,0,0
1024,345.411349,0.000000,0.000000,0,0,0
1025,344.117712,0.000000,0.000000,0,0,0
1026,342.825028,0.000000,0.000000,0,0,0
1027,341.891796,0.000000,0.000000,0,0,0
1028,340.599472,0.000000,0.000000,0,0,0
1029,339.308120,0.000000,0.000000,0,0,0
1030,338.017751,0.000000,0.000000,0,0,0
1031,337.083076,0.000000,0.000000,0,0,0
1032,335.793091,0.000000,0.000000,0,0,0
1033,334.504111,0.000000,0.000000,0,0,0
1034,333.216146,0.000000,0.000000,0,0,0
1035,332.280002,0.000000,0.000000,0,0,0
1036,330.992447,0.000000,0.000000,0,0,0
1037,329.705930,0.000000,0.000000,0,0,0
1038,328.420462,0.000000,0.000000,0,0,0
1039,327.482824,0.000000,0.000000,0,0,0
1040,326.197793,0.000000,0.000000,0,0,0
1041,324.913835,0.000000,0.000000,0,0,0
1042,323.975308,0.000000,0.000000,0,0,0
1043,322.691803,0.000000,0.000000,0,0,0
1044,321.409396,0.000000,0.000000,0,0,0
1045,320.128099,0.000000,0.000000,0,0,0
1046,319.188032,0.000000,0.000000,0,0,0
1047,317.907219,0.000000,0.000000,0,0,0
1048,316.627541,0.000000,0.000000,0,0,0
1049,315.686553,0.000000,0.000000,0,0,0
1050,314.407379,0.000000,0.000000,0,0,0
1051,313.129366,0.000000,0.000000,0,0,0
1052,312.187444,0.000000,0.000000,0,0,0
1053,310.909955,0.000000,0.000000,0,0,0
1054,309.633655,0.000000,0.000000,0,0,0
1055,308.690784,0.000000,0.000000,0,0,0
1056,307.415029,0.000000,0.000000,0,0,0
1057,306.140491,0.000000,0.000000,0,0,0
1058,305.196658,0.000000,0.000000,0,0,0
1059,303.922688,0.000000,0.000000,0,0,0
1060,302.978547,0.000000,0.000000,0,0,0
1061,301.705154,0.000000,0.000000,0,0,0
1062,300.433021,992.940298,1.000000,121,71535,1
1063,299.487896,0.000000,0.000000,0,0,0
1064,298.216364,0.000000,0.000000,0,0,0
1065,297.270920,0.000000,0.000000,0,0,0
1066,296.000000,0.000000,0.000000,0,0,0
1067,294.730385,974.092913,1.000000,15,68960,1
1068,293.783934,0.000000,0.000000,0,0,0
1069,292.514957,966.770855,1.000000,0,67881,1
1070,291.568174,0.000000,0.000000,0,0,0
1071,290.299845,0.000000,0.000000,0,0,0
1072,289.352726,0.000000,0.000000,0,0,0
1073,288.085057,0.000000,0.000000,0,0,0
1074,286.818758,947.944744,1.000000,0,65273,1
1075,285.870600,0.000000,0.000000,0,0,0
1076,284.604989,0.000000,0.000000,0,0,0
1077,283.656482,0.000000,0.000000,0,0,0
1078,282.391572,0.000000,0.000000,0,0,0
1079,281.442712,0.000000,0.000000,0,0,0
1080,280.178515,0.000000,0.000000,0,0,0
1081,279.229296,0.000000,0.000000,0,0,0
1082,277.965825,0.000000,0.000000,0,0,0
1083,276.703813,0.000000,0.000000,0,0,0
1084,275.753513,0.000000,0.000000,0,0,0
1085,274.492259,0.000000,0.000000,0,0,0
1086,273.541587,0.000000,0.000000,0,0,0
1087,272.281105,0.000000,0.000000,0,0,0
1088,271.330057,0.000000,0.000000,0,0,0
1089,270.070361,0.000000,0.000000,0,0,0
1090,269.118933,0.000000,0.000000,0,0,0
1091,267.860038,0.000000,0.000000,0,0,0
1092,266.908224,0.000000,0.000000,0,0,0
1093,265.650146,0.000000,0.000000,0,0,0
1094,264.697941,0.000000,0.000000,0,0,0
1095,263.440695,0.000000,0.000000,0,0,0
1096,262.488095,0.000000,0.000000,0,0,0
1097,261.231698,0.000000,0.000000,0,0,0
1098,260.278697,0.000000,0.000000,0,0,0
1099,259.023165,0.000000,0.000000,0,0,0
1100,258.069758,0.000000,0.000000,0,0,0
1101,256.815109,0.000000,0.000000,0,0,0
1102,255.861291,0.000000,0.000000,0,0,0
1103,254.607541,0.000000,0.000000,0,0,0
1104,253.653307,0.000000,0.000000,0,0,0
1105,252.400475,0.000000,0.000000,0,0,0
1106,251.445819,0.000000,0.000000,0,0,0
1107,250.193925,0.000000,0.000000,0,0,0
1108,249.238841,0.000000,0.000000,0,0,0
1109,247.987903,0.000000,0.000000,0,0,0
1110,246.738728,0.000000,0.000000,0,0,0
1111,245.782424,0.000000,0.000000,0,0,0
1112,244.534251,0.000000,0.000000,0,0,0
1113,243.577503,0.000000,0.000000,0,0,0
1114,242.330353,0.000000,0.000000,0,0,0
1115,241.373155,0.000000,0.000000,0,0,0
1116,240.127050,0.000000,0.000000,0,0,0
1117,239.169396,0.000000,0.000000,0,0,0
1118,237.924358,0.000000,0.000000,0,0,0
1119,236.966242,0.000000,0.000000,0,0,0
1120,235.722294,0.000000,0.000000,0,0,0
1121,234.763711,0.000000,0.000000,0,0,0
1122,233.520877,0.000000,0.000000,0,0,0
1123,232.561820,0.000000,0.000000,0,0,0
1124,231.320125,0.000000,0.000000,0,0,0
1125,230.360587,0.000000,0.000000,0,0,0
1126,229.120056,0.000000,0.000000,0,0,0
1127,228.160032,0.000000,0.000000,0,0,0
1128,226.920691,0.000000,0.000000,0,0,0
1129,225.960173,0.000000,0.000000,0,0,0
1130,224.722051,0.000000,0.000000,0,0,0
1131,223.761033,0.000000,0.000000,0,0,0
1132,222.524156,0.000000,0.000000,0,0,0
1133,221.289403,0.000000,0.000000,0,0,0
1134,220.327030,0.000000,0.000000,0,0,0
1135,219.093587,0.000000,0.000000,0,0,0
1136,218.130695,0.000000,0.000000,0,0,0
1137,216.898594,0.000000,0.000000,0,0,0
1138,215.935175,0.000000,0.000000,0,0,0
1139,214.704448,0.000000,0.000000,0,0,0
1140,213.475994,0.000000,0.000000,0,0,0
1141,212.511176,0.000000,0.000000,0,0,0
1142,211.284169,0.000000,0.000000,0,0,0
1143,210.318806,0.000000,0.000000,0,0,0
1144,209.093281,0.000000,0.000000,0,0,0
1145,207.870152,0.000000,0.000000,0,0,0
1146,206.903359,0.000000,0.000000,0,0,0
1147,205.681793,0.000000,0.000000,0,0,0
1148,204.462711,0.000000,0.000000,0,0,0
1149,203.494472,0.000000,0.000000,0,0,0
1150,202.277038,0.000000,0.000000,0,0,0
1151,201.062179,0.000000,0.000000,0,0,0
1152,200.092479,0.000000,0.000000,0,0,0
1153,198.879360,0.000000,0.000000,0,0,0
1154,197.668915,0.000000,0.000000,0,0,0
1155,196.697738,0.000000,0.000000,0,0,0
1156,195.489130,0.000000,0.000000,0,0,0
1157,194.283298,0.000000,0.000000,0,0,0
1158,193.080294,0.000000,0.000000,0,0,0
1159,191.880171,0.000000,0.000000,0,0,0
1160,190.905736,0.000000,0.000000,0,0,0
1161,189.707670,0.000000,0.000000,0,0,0
1162,188.512599,0.000000,0.000000,0,0,0
1163,187.320581,0.000000,0.000000,0,0,0
1164,186.131674,0.000000,0.000000,0,0,0
1165,184.945938,0.000000,0.000000,0,0,0
1166,184.743065,0.000000,0.000000,0,0,0
1167,183.564702,0.000000,0.000000,0,0,0
1168,182.389693,0.000000,0.000000,0,0,0
1169,181.218101,0.000000,0.000000,0,0,0
1170,181.033146,0.000000,0.000000,0,0,0
1171,179.869397,0.000000,0.000000,0,0,0
1172,178.709261,0.000000,0.000000,0,0,0
1173,178.538511,0.000000,0.000000,0,0,0
1174,178.373204,0.000000,0.000000,0,0,0
1175,177.225845,0.000000,0.000000,0,0,0
1176,177.070607,0.000000,0.000000,0,0,0
1177,175.931805,0.000000,0.000000,0,0,0
1178,175.786803,0.000000,0.000000,0,0,0
1179,174.656806,0.000000,0.000000,0,0,0
1180,174.522205,0.000000,0.000000,0,0,0
1181,174.393234,0.000000,0.000000,0,0,0
1182,173.277235,0.000000,0.000000,0,0,0
1183,173.158887,0.000000,0.000000,0,0,0
1184,173.046237,0.000000,0.000000,0,0,0
1185,171.944759,0.000000,0.000000,0,0,0
1186,171.842952,0.000000,0.000000,0,0,0
1187,171.746907,0.000000,0.000000,0,0,0
1188,170.660482,0.000000,0.000000,0,0,0
1189,170.575496,0.000000,0.000000,0,0,0
1190,170.496334,0.000000,0.000000,0,0,0
1191,170.423003,0.000000,0.000000,0,0,0
1192,169.357610,0.000000,0.000000,0,0,0
1193,169.295599,0.000000,0.000000,0,0,0
1194,169.239475,0.000000,0.000000,0,0,0
1195,169.189243,0.000000,0.000000,0,0,0
1196,168.145770,0.000000,0.000000,0,0,0
1197,168.107109,0.000000,0.000000,0,0,0
1198,168.074388,0.000000,0.000000,0,0,0
1199,168.047612,0.000000,0.000000,0,0,0
1200,167.026944,0.000000,0.000000,0,0,0
1201,167.011976,0.000000,0.000000,0,0,0
1202,167.002994,0.000000,0.000000,0,0,0
1203,167.000000,0.000000,0.000000,0,0,0
1204,167.002994,0.000000,0.000000,0,0,0
1205,166.012048,0.000000,0.000000,0,0,0
1206,166.027106,0.000000,0.000000,0,0,0
1207,166.048186,0.000000,0.000000,0,0,0
1208,166.075284,0.000000,0.000000,0,0,0
1209,166.108398,0.000000,0.000000,0,0,0
1210,166.147525,0.000000,0.000000,0,0,0
1211,165.193826,0.000000,0.000000,0,0,0
1212,165.245272,0.000000,0.000000,0,0,0
1213,165.302753,0.000000,0.000000,0,0,0
1214,165.366260,0.000000,0.000000,0,0,0
1215,165.435788,0.000000,0.000000,0,0,0
1216,165.511329,0.000000,0.000000,0,0,0
1217,165.592874,0.000000,0.000000,0,0,0
1218,165.680415,0.000000,0.000000,0,0,0
1219,164.778639,0.000000,0.000000,0,0,0
1220,164.878743,0.000000,0.000000,0,0,0
1221,164.984848,0.000000,0.000000,0,0,0
1222,165.096941,0.000000,0.000000,0,0,0
1223,165.215011,0.000000,0.000000,0,0,0
1224,165.339046,0.000000,0.000000,0,0,0
1225,165.469030,0.000000,0.000000,0,0,0
1226,165.604952,0.000000,0.000000,0,0,0
1227,165.746795,0.000000,0.000000,0,0,0
1228,165.894545,0.000000,0.000000,0,0,0
1229,165.060595,0.000000,0.000000,0,0,0
1230,165.221064,0.000000,0.000000,0,0,0
1231,165.387424,0.000000,0.000000,0,0,0
1232,165.559657,0.000000,0.000000,0,0,0
1233,165.737745,0.000000,0.000000,0,0,0
1234,165.921668,0.000000,0.000000,0,0,0
1235,166.111408,0.000000,0.000000,0,0,0
1236,166.306945,0.000000,0.000000,0,0,0
1237,166.508258,0.000000,0.000000,0,0,0
1238,166.715326,0.000000,0.000000,0,0,0
1239,166.928128,0.000000,0.000000,0,0,0
1240,167.146642,0.000000,0.000000,0,0,0
1241,167.370846,0.000000,0.000000,0,0,0
1242,167.600716,0.000000,0.000000,0,0,0
1243,166.865215,0.000000,0.000000,0,0,0
1244,167.107750,0.000000,0.000000,0,0,0
1245,167.355908,0.000000,0.000000,0,0,0
1246,167.609666,0.000000,0.000000,0,0,0
1247,167.868997,0.000000,0.000000,0,0,0
1248,168.133875,0.000000,0.000000,0,0,0
1249,168.404275,0.000000,0.000000,0,0,0
1250,168.680171,0.000000,0.000000,0,0,0
1251,168.961534,0.000000,0.000000,0,0,0
1252,169.248338,0.000000,0.000000,0,0,0
1253,169.540556,0.000000,0.000000,0,0,0
1254,169.838158,0.000000,0.000000,0,0,0
1255,170.141118,0.000000,0.000000,0,0,0
1256,170.449406,0.000000,0.000000,0,0,0
1257,170.762994,0.000000,0.000000,0,0,0
1258,171.081852,0.000000,0.000000,0,0,0
1259,171.405951,0.000000,0.000000,0,0,0
1260,171.735261,0.000000,0.000000,0,0,0
1261,172.069753,0.000000,0.000000,0,0,0
1262,172.409396,0.000000,0.000000,0,0,0
1263,172.754161,0.000000,0.000000,0,0,0
1264,172.168522,0.000000,0.000000,0,0,0
1265,172.525360,0.000000,0.000000,0,0,0
1266,171.956390,0.000000,0.000000,0,0,0
1267,172.325274,0.000000,0.000000,0,0,0
1268,171.773106,0.000000,0.000000,0,0,0
1269,172.154001,0.000000,0.000000,0,0,0
1270,171.618764,0.000000,0.000000,0,0,0
1271,171.093542,0.000000,0.000000,0,0,0
1272,170.578428,0.000000,0.000000,0,0,0
1273,170.985379,0.000000,0.000000,0,0,0
1274,170.487536,0.000000,0.000000,0,0,0
1275,170.000000,0.000000,0.000000,0,0,0
1276,169.522860,0.000000,0.000000,0,0,0
1277,169.056204,0.000000,0.000000,0,0,0
1278,168.600119,0.000000,0.000000,0,0,0
1279,168.154691,0.000000,0.000000,0,0,0
1280,167.720005,0.000000,0.000000,0,0,0
1281,167.296145,0.000000,0.000000,0,0,0
1282,166.883193,0.000000,0.000000,0,0,0
1283,166.481230,0.000000,0.000000,0,0,0
1284,166.090337,0.000000,0.000000,0,0,0
1285,165.710591,0.000000,0.000000,0,0,0
1286,165.342070,0.000000,0.000000,0,0,0
1287,164.984848,0.000000,0.000000,0,0,0
1288,164.638999,0.000000,0.000000,0,0,0
1289,164.304595,0.000000,0.000000,0,0,0
1290,163.981706,0.000000,0.000000,0,0,0
1291,163.134913,0.000000,0.000000,0,0,0
1292,162.828130,0.000000,0.000000,0,0,0
1293,162.533074,0.000000,0.000000,0,0,0
1294,162.249807,0.000000,0.000000,0,0,0
1295,161.978394,0.000000,0.000000,0,0,0
1296,161.718892,0.000000,0.000000,0,0,0
1297,160.897483,0.000000,0.000000,0,0,0
1298,160.654910,0.000000,0.000000,0,0,0
1299,160.424437,0.000000,0.000000,0,0,0
1300,160.206117,0.000000,0.000000,0,0,0
1301,160.000000,0.000000,0.000000,0,0,0
1302,159.806133,0.000000,0.000000,0,0,0
1303,159.012578,0.000000,0.000000,0,0,0
1304,158.836394,0.000000,0.000000,0,0,0
1305,158.672619,0.000000,0.000000,0,0,0
1306,158.521292,0.000000,0.000000,0,0,0
1307,157.746632,0.000000,0.000000,0,0,0
1308,157.613451,0.000000,0.000000,0,0,0
1309,157.492857,0.000000,0.000000,0,0,0
1310,157.384879,0.000000,0.000000,0,0,0
1311,156.630138,0.000000,0.000000,0,0,0
1312,156.540730,0.000000,0.000000,0,0,0
1313,156.464053,0.000000,0.000000,0,0,0
1314,156.400128,0.000000,0.000000,0,0,0
1315,155.666310,0.000000,0.000000,0,0,0
1316,155.621335,0.000000,0.000000,0,0,0
1317,155.589203,0.000000,0.000000,0,0,0
1318,156.284996,0.000000,0.000000,0,0,0
1319,157.699081,0.000000,0.000000,0,0,0
1320,158.417171,0.000000,0.000000,0,0,0
1321,159.138305,525.956951,1.000000,9,20046,0
1322,159.862441,528.350243,1.000000,13,20203,0
1323,160.589539,530.753324,1.000000,17,20427,0
1324,161.319559,533.166062,1.000000,21,20564,0
1325,162.052461,535.588326,1.000000,27,20779,0
1326,163.465593,540.258770,1.000000,41,21125,0
1327,164.201096,542.689632,1.000000,50,21292,0
1328,164.939383,545.129691,1.000000,58,21461,0
1329,165.680415,547.578826,1.000000,65,21703,0
1330,166.424157,550.036915,1.000000,74,21875,0
1331,167.170572,552.503838,1.000000,85,22067,0
1332,168.582324,557.169723,1.000000,110,22429,0
1333,169.331037,559.644242,1.000000,124,22537,0
1334,170.082333,562.127299,1.000000,136,22798,0
1335,170.836179,564.618782,1.000000,150,22955,0
1336,171.592541,567.118581,1.000000,166,23216,0
1337,172.351385,569.626586,1.000000,182,23330,1
1338,173.112680,572.142688,1.000000,198,23556,1
1339,173.876393,574.666782,1.000000,215,23770,1
1340,175.285481,0.000000,0.000000,0,0,0
1341,176.051129,0.000000,0.000000,0,0,0
1342,176.819117,0.000000,0.000000,0,0,0
1343,177.589414,0.000000,0.000000,0,0,0
1344,178.361991,0.000000,0.000000,0,0,0
1345,179.136819,0.000000,0.000000,0,0,0
1346,179.913868,0.000000,0.000000,0,0,0
1347,180.693110,0.000000,0.000000,0,0,0
1348,182.098874,0.000000,0.000000,0,0,0
1349,182.879742,0.000000,0.000000,0,0,0
1350,183.662734,0.000000,0.000000,0,0,0
1351,184.447825,0.000000,0.000000,0,0,0
1352,185.234986,0.000000,0.000000,0,0,0
1353,186.024192,0.000000,0.000000,0,0,0
1354,186.815417,0.000000,0.000000,0,0,0
1355,187.608635,0.000000,0.000000,0,0,0
1356,189.010582,0.000000,0.000000,0,0,0
1357,189.805163,0.000000,0.000000,0,0,0
1358,190.601679,0.000000,0.000000,0,0,0
1359,191.400104,0.000000,0.000000,0,0,0
1360,192.200416,0.000000,0.000000,0,0,0
1361,193.002591,0.000000,0.000000,0,0,0
1362,193.806605,0.000000,0.000000,0,0,0
1363,194.612435,0.000000,0.000000,0,0,0
1364,195.420060,0.000000,0.000000,0,0,0
1365,196.229458,0.000000,0.000000,0,0,0
1366,197.625909,0.000000,0.000000,0,0,0
1367,198.436388,0.000000,0.000000,0,0,0
1368,199.248588,0.000000,0.000000,0,0,0
1369,200.062490,0.000000,0.000000,0,0,0
1370,200.878072,0.000000,0.000000,0,0,0
1371,201.695315,0.000000,0.000000,0,0,0
1372,202.514197,0.000000,0.000000,0,0,0
1373,203.334699,0.000000,0.000000,0,0,0
1374,204.156802,0.000000,0.000000,0,0,0
1375,204.980487,0.000000,0.000000,0,0,0
1376,205.805734,0.000000,0.000000,0,0,0
1377,206.632524,0.000000,0.000000,0,0,0
1378,207.460840,0.000000,0.000000,0,0,0
1379,208.849228,0.000000,0.000000,0,0,0
1380,209.678325,0.000000,0.000000,0,0,0
1381,210.508907,0.000000,0.000000,0,0,0
1382,211.340957,0.000000,0.000000,0,0,0
1383,212.174457,0.000000,0.000000,0,0,0
1384,213.009389,0.000000,0.000000,0,0,0
1385,213.845739,0.000000,0.000000,0,0,0
1386,214.683488,0.000000,0.000000,0,0,0
1387,215.522621,0.000000,0.000000,0,0,0
1388,216.363121,0.000000,0.000000,0,0,0
1389,217.204972,0.000000,0.000000,0,0,0
1390,218.048160,0.000000,0.000000,0,0,0
1391,218.892668,0.000000,0.000000,0,0,0
1392,219.738481,0.000000,0.000000,0,0,0
1393,220.585584,0.000000,0.000000,0,0,0
1394,221.433963,0.000000,0.000000,0,0,0
1395,222.283603,0.000000,0.000000,0,0,0
1396,223.134489,0.000000,0.000000,0,0,0
1397,223.986607,0.000000,0.000000,0,0,0
1398,224.839943,0.000000,0.000000,0,0,0
1399,225.694484,0.000000,0.000000,0,0,0
1400,226.550215,0.000000,0.000000,0,0,0
1401,227.407124,0.000000,0.000000,0,0,0
1402,228.265197,0.000000,0.000000,0,0,0
1403,229.124420,0.000000,0.000000,0,0,0
1404,229.984782,0.000000,0.000000,0,0,0
1405,230.846269,0.000000,0.000000,0,0,0
1406,231.708869,0.000000,0.000000,0,0,0
1407,232.572569,0.000000,0.000000,0,0,0
1408,233.437358,0.000000,0.000000,0,0,0
1409,234.303222,0.000000,0.000000,0,0,0
1410,235.170151,0.000000,0.000000,0,0,0
1411,236.038133,0.000000,0.000000,0,0,0
1412,236.907155,0.000000,0.000000,0,0,0
1413,237.777207,0.000000,0.000000,0,0,0
1414,238.648277,0.000000,0.000000,0,0,0
1415,239.520354,0.000000,0.000000,0,0,0
1416,240.393428,0.000000,0.000000,0,0,0
1417,241.267486,0.000000,0.000000,0,0,0
1418,242.142520,0.000000,0.000000,0,0,0
1419,243.018518,0.000000,0.000000,0,0,0
1420,243.895469,0.000000,0.000000,0,0,0
1421,244.773365,0.000000,0.000000,0,0,0
1422,245.652193,0.000000,0.000000,0,0,0
1423,246.531945,0.000000,0.000000,0,0,0
1424,247.412611,0.000000,0.000000,0,0,0
1425,248.294180,0.000000,0.000000,0,0,0
1426,249.176644,0.000000,0.000000,0,0,0
1427,249.593670,0.000000,0.000000,0,0,0
1428,250.479540,0.000000,0.000000,0,0,0
1429,251.366267,0.000000,0.000000,0,0,0
1430,252.253840,0.000000,0.000000,0,0,0
1431,253.142252,0.000000,0.000000,0,0,0
1432,254.031494,0.000000,0.000000,0,0,0
1433,254.921557,0.000000,0.000000,0,0,0
1434,255.360529,0.000000,0.000000,0,0,0
1435,256.253780,0.000000,0.000000,0,0,0
1436,257.147817,0.000000,0.000000,0,0,0
1437,258.042632,0.000000,0.000000,0,0,0
1438,258.938217,0.000000,0.000000,0,0,0
1439,259.834563,0.000000,0.000000,0,0,0
1440,260.292144,0.000000,0.000000,0,0,0
1441,261.191501,0.000000,0.000000,0,0,0
1442,262.091587,0.000000,0.000000,0,0,0
1443,262.992395,0.000000,0.000000,0,0,0
1444,263.463470,0.000000,0.000000,0,0,0
1445,264.367169,0.000000,0.000000,0,0,0
1446,265.271559,0.000000,0.000000,0,0,0
1447,265.753645,0.000000,0.000000,0,0,0
1448,266.660833,0.000000,0.000000,0,0,0
1449,267.568683,0.000000,0.000000,0,0,0
1450,268.061560,0.000000,0.000000,0,0,0
1451,268.972118,0.000000,0.000000,0,0,0
1452,269.473561,0.000000,0.000000,0,0,0
1453,270.386760,0.000000,0.000000,0,0,0
1454,270.896659,0.000000,0.000000,0,0,0
1455,271.812435,0.000000,0.000000,0,0,0
1456,272.330681,0.000000,0.000000,0,0,0
1457,272.855273,0.000000,0.000000,0,0,0
1458,273.775455,0.000000,0.000000,0,0,0
1459,274.308221,0.000000,0.000000,0,0,0
1460,274.847230,0.000000,0.000000,0,0,0
1461,275.771645,0.000000,0.000000,0,0,0
1462,276.318657,0.000000,0.000000,0,0,0
1463,276.871811,0.000000,0.000000,0,0,0
1464,277.431073,0.000000,0.000000,0,0,0
1465,278.361276,0.000000,0.000000,0,0,0
1466,278.928306,0.000000,0.000000,0,0,0
1467,279.501342,0.000000,0.000000,0,0,0
1468,280.080346,0.000000,0.000000,0,0,0
1469,280.665281,0.000000,0.000000,0,0,0
1470,281.602557,0.000000,0.000000,0,0,0
1471,282.194968,0.000000,0.000000,0,0,0
1472,282.793211,0.000000,0.000000,0,0,0
1473,283.397248,0.000000,0.000000,0,0,0
1474,284.007042,0.000000,0.000000,0,0,0
1475,284.622557,0.000000,0.000000,0,0,0
1476,285.567855,0.000000,0.000000,0,0,0
1477,286.190496,0.000000,0.000000,0,0,0
1478,286.818758,0.000000,0.000000,0,0,0
1479,287.452605,0.000000,0.000000,0,0,0
1480,288.091999,0.000000,0.000000,0,0,0
1481,288.736904,0.000000,0.000000,0,0,0
1482,289.387284,0.000000,0.000000,0,0,0
1483,290.341179,0.000000,0.000000,0,0,0
1484,290.998282,0.000000,0.000000,0,0,0
1485,291.660762,0.000000,0.000000,0,0,0
1486,292.328582,0.000000,0.000000,0,0,0
1487,293.001706,0.000000,0.000000,0,0,0
1488,293.680098,0.000000,0.000000,0,0,0
1489,294.363721,0.000000,0.000000,0,0,0
1490,295.052538,0.000000,0.000000,0,0,0
1491,296.015202,0.000000,0.000000,0,0,0
1492,296.710296,0.000000,0.000000,0,0,0
1493,297.410491,0.000000,0.000000,0,0,0
1494,298.115749,0.000000,0.000000,0,0,0
1495,298.826036,0.000000,0.000000,0,0,0
1496,299.541316,0.000000,0.000000,0,0,0
1497,300.261553,0.000000,0.000000,0,0,0
1498,300.986711,0.000000,0.000000,0,0,0
1499,301.716755,0.000000,0.000000,0,0,0
1500,302.451649,0.000000,0.000000,0,0,0
1501,303.191359,0.000000,0.000000,0,0,0
1502,303.935848,0.000000,0.000000,0,0,0
1503,304.909823,0.000000,0.000000,0,0,0
1504,305.659942,0.000000,0.000000,0,0,0
1505,306.414752,0.000000,0.000000,0,0,0
1506,307.174218,0.000000,0.000000,0,0,0
1507,307.938306,0.000000,0.000000,0,0,0
1508,308.706981,0.000000,0.000000,0,0,0
1509,309.480209,0.000000,0.000000,0,0,0
1510,310.257957,0.000000,0.000000,0,0,0
1511,311.040190,0.000000,0.000000,0,0,0
1512,311.826875,0.000000,0.000000,0,0,0
1513,312.617978,0.000000,0.000000,0,0,0
1514,313.413465,0.000000,0.000000,0,0,0
1515,314.213303,0.000000,0.000000,0,0,0
1516,315.017460,0.000000,0.000000,0,0,0
1517,315.825901,0.000000,0.000000,0,0,0
1518,316.638595,0.000000,0.000000,0,0,0
1519,317.623992,0.000000,0.000000,0,0,0
1520,318.441517,0.000000,0.000000,0,0,0
1521,319.263214,0.000000,0.000000,0,0,0
1522,320.089050,0.000000,0.000000,0,0,0
1523,320.918993,0.000000,0.000000,0,0,0
1524,321.753011,0.000000,0.000000,0,0,0
1525,322.591072,0.000000,0.000000,0,0,0
1526,323.433146,0.000000,0.000000,0,0,0
1527,324.279201,0.000000,0.000000,0,0,0
1528,325.129205,0.000000,0.000000,0,0,0
1529,325.983128,0.000000,0.000000,0,0,0
1530,326.840940,0.000000,0.000000,0,0,0
1531,327.702609,0.000000,0.000000,0,0,0
1532,328.568106,0.000000,0.000000,0,0,0
1533,329.437399,0.000000,0.000000,0,0,0
1534,330.310460,0.000000,0.000000,0,0,0
1535,331.187258,0.000000,0.000000,0,0,0
1536,332.067764,0.000000,0.000000,0,0,0
1537,332.951948,0.000000,0.000000,0,0,0
1538,333.839782,0.000000,0.000000,0,0,0
1539,334.731235,0.000000,0.000000,0,0,0
1540,335.626280,0.000000,0.000000,0,0,0
1541,336.524888,0.000000,0.000000,0,0,0
1542,337.427029,0.000000,0.000000,0,0,0
1543,338.332677,0.000000,0.000000,0,0,0
1544,339.241802,0.000000,0.000000,0,0,0
1545,340.154377,0.000000,0.000000,0,0,0
1546,341.070374,0.000000,0.000000,0,0,0
1547,341.989766,0.000000,0.000000,0,0,0
1548,342.912525,0.000000,0.000000,0,0,0
1549,343.838625,0.000000,0.000000,0,0,0
1550,344.768038,0.000000,0.000000,0,0,0
1551,345.700738,0.000000,0.000000,0,0,0
1552,346.636697,0.000000,0.000000,0,0,0
1553,347.575891,0.000000,0.000000,0,0,0
1554,348.518292,0.000000,0.000000,0,0,0
1555,349.463875,0.000000,0.000000,0,0,0
1556,350.412614,0.000000,0.000000,0,0,0
1557,351.364483,0.000000,0.000000,0,0,0
1558,352.319457,0.000000,0.000000,0,0,0
1559,353.277511,0.000000,0.000000,0,0,0
1560,354.238620,0.000000,0.000000,0,0,0
1561,355.202759,0.000000,0.000000,0,0,0
1562,356.169903,0.000000,0.000000,0,0,0
1563,357.140029,0.000000,0.000000,0,0,0
1564,358.113111,0.000000,0.000000,0,0,0
1565,359.089125,0.000000,0.000000,0,0,0
1566,360.068049,0.000000,0.000000,0,0,0
1567,361.049858,0.000000,0.000000,0,0,0
1568,362.034529,0.000000,0.000000,0,0,0
1569,363.022038,0.000000,0.000000,0,0,0
1570,364.012362,0.000000,0.000000,0,0,0
1571,365.005479,0.000000,0.000000,0,0,0
1572,366.001366,0.000000,0.000000,0,0,0
1573,367.000000,0.000000,0.000000,0,0,0
1574,368.001359,0.000000,0.000000,0,0,0
1575,369.005420,0.000000,0.000000,0,0,0
1576,370.012162,0.000000,0.000000,0,0,0
1577,371.021563,0.000000,0.000000,0,0,0
1578,372.033601,0.000000,0.000000,0,0,0
1579,373.048254,0.000000,0.000000,0,0,0
1580,374.065502,0.000000,0.000000,0,0,0
1581,375.085324,0.000000,0.000000,0,0,0
1582,376.107697,0.000000,0.000000,0,0,0
1583,377.132603,0.000000,0.000000,0,0,0
1584,378.160019,0.000000,0.000000,0,0,0
1585,379.189926,0.000000,0.000000,0,0,0
1586,380.222303,0.000000,0.000000,0,0,0
1587,381.257131,0.000000,0.000000,0,0,0
1588,382.294389,0.000000,0.000000,0,0,0
1589,383.334058,0.000000,0.000000,0,0,0
1590,384.376118,0.000000,0.000000,0,0,0
1591,385.420550,0.000000,0.000000,0,0,0
1592,386.467334,0.000000,0.000000,0,0,0
1593,387.516451,0.000000,0.000000,0,0,0
1594,388.567883,0.000000,0.000000,0,0,0
1595,389.621611,0.000000,0.000000,0,0,0
1596,390.677616,0.000000,0.000000,0,0,0
1597,391.735880,0.000000,0.000000,0,0,0
1598,391.798418,0.000000,0.000000,0,0,0
1599,392.861299,0.000000,0.000000,0,0,0
1600,393.926389,0.000000,0.000000,0,0,0
1601,394.993671,0.000000,0.000000,0,0,0
1602,396.063126,0.000000,0.000000,0,0,0
1603,397.134738,0.000000,0.000000,0,0,0
1604,398.208488,0.000000,0.000000,0,0,0
1605,399.284360,0.000000,0.000000,0,0,0
1606,400.362336,0.000000,0.000000,0,0,0
1607,401.442399,0.000000,0.000000,0,0,0
1608,402.524533,0.000000,0.000000,0,0,0
1609,403.608721,0.000000,0.000000,0,0,0
1610,404.694947,0.000000,0.000000,0,0,0
1611,405.783193,0.000000,0.000000,0,0,0
1612,405.878061,0.000000,0.000000,0,0,0
1613,406.970515,0.000000,0.000000,0,0,0
1614,408.064946,0.000000,0.000000,0,0,0
1615,409.161337,0.000000,0.000000,0,0,0
1616,410.259674,0.000000,0.000000,0,0,0
1617,410.365691,0.000000,0.000000,0,0,0
1618,411.468103,0.000000,0.000000,0,0,0
1619,411.578668,0.000000,0.000000,0,0,0
1620,412.685110,0.000000,0.000000,0,0,0
1621,412.800194,0.000000,0.000000,0,0,0
1622,412.917667,0.000000,0.000000,0,0,0
1623,414.030192,0.000000,0.000000,0,0,0
1624,414.152146,0.000000,0.000000,0,0,0
1625,415.268588,0.000000,0.000000,0,0,0
1626,415.394993,0.000000,0.000000,0,0,0
1627,415.523766,0.000000,0.000000,0,0,0
1628,415.654905,0.000000,0.000000,0,0,0
1629,416.779318,0.000000,0.000000,0,0,0
1630,416.914859,0.000000,0.000000,0,0,0
1631,417.052754,0.000000,0.000000,0,0,0
1632,418.182974,0.000000,0.000000,0,0,0
1633,418.325232,0.000000,0.000000,0,0,0
1634,418.469832,0.000000,0.000000,0,0,0
1635,419.605767,0.000000,0.000000,0,0,0
1636,419.754690,0.000000,0.000000,0,0,0
1637,419.905942,0.000000,0.000000,0,0,0
1638,420.059520,0.000000,0.000000,0,0,0
1639,421.203039,0.000000,0.000000,0,0,0
1640,421.360890,0.000000,0.000000,0,0,0
1641,421.521055,0.000000,0.000000,0,0,0
1642,422.670084,0.000000,0.000000,0,0,0
1643,422.834483,0.000000,0.000000,0,0,0
1644,423.001182,0.000000,0.000000,0,0,0
1645,423.170179,0.000000,0.000000,0,0,0
1646,424.326525,0.000000,0.000000,0,0,0
1647,424.499706,0.000000,0.000000,0,0,0
1648,424.675170,0.000000,0.000000,0,0,0
1649,424.852916,0.000000,0.000000,0,0,0
1650,426.016432,0.000000,0.000000,0,0,0
1651,426.198311,0.000000,0.000000,0,0,0
1652,426.382457,0.000000,0.000000,0,0,0
1653,427.551167,0.000000,0.000000,0,0,0
1654,427.739407,0.000000,0.000000,0,0,0
1655,427.929901,0.000000,0.000000,0,0,0
1656,428.122646,0.000000,0.000000,0,0,0
1657,429.298265,0.000000,0.000000,0,0,0
1658,429.495052,0.000000,0.000000,0,0,0
1659,429.694077,0.000000,0.000000,0,0,0
1660,429.895336,0.000000,0.000000,0,0,0
1661,431.077719,0.000000,0.000000,0,0,0
1662,431.282970,0.000000,0.000000,0,0,0
1663,431.490440,0.000000,0.000000,0,0,0
1664,431.700127,0.000000,0.000000,0,0,0
1665,432.889131,0.000000,0.000000,0,0,0
1666,433.102759,0.000000,0.000000,0,0,0
1667,433.318589,0.000000,0.000000,0,0,0
1668,433.536619,0.000000,0.000000,0,0,0
1669,434.732101,0.000000,0.000000,0,0,0
1670,434.954021,0.000000,0.000000,0,0,0
1671,435.178124,0.000000,0.000000,0,0,0
1672,435.404410,0.000000,0.000000,0,0,0
1673,436.606230,0.000000,0.000000,0,0,0
1674,436.836354,0.000000,0.000000,0,0,0
1675,437.068644,0.000000,0.000000,0,0,0
1676,438.275028,0.000000,0.000000,0,0,0
1677,438.511117,0.000000,0.000000,0,0,0
1678,438.749359,0.000000,0.000000,0,0,0
1679,438.989749,0.000000,0.000000,0,0,0
1680,440.202226,0.000000,0.000000,0,0,0
1681,440.446364,0.000000,0.000000,0,0,0
1682,440.692637,0.000000,0.000000,0,0,0
1683,440.941039,0.000000,0.000000,0,0,0
1684,442.159473,0.000000,0.000000,0,0,0
1685,442.411573,0.000000,0.000000,0,0,0
1686,442.665788,0.000000,0.000000,0,0,0
1687,442.922115,0.000000,0.000000,0,0,0
1688,444.146372,0.000000,0.000000,0,0,0
1689,444.406346,0.000000,0.000000,0,0,0
1690,444.668416,0.000000,0.000000,0,0,0
1691,444.932579,0.000000,0.000000,0,0,0
1692,446.162526,0.000000,0.000000,0,0,0
1693,446.430286,0.000000,0.000000,0,0,0
1694,446.700123,0.000000,0.000000,0,0,0
1695,446.972035,0.000000,0.000000,0,0,0
1696,448.207541,0.000000,0.000000,0,0,0
1697,448.482999,0.000000,0.000000,0,0,0
1698,448.760515,0.000000,0.000000,0,0,0
1699,449.040087,0.000000,0.000000,0,0,0
1700,450.281023,0.000000,0.000000,0,0,0
1701,450.564091,0.000000,0.000000,0,0,0
1702,450.849199,0.000000,0.000000,0,0,0
1703,451.136343,0.000000,0.000000,0,0,0
1704,452.382581,0.000000,0.000000,0,0,0
1705,452.673171,0.000000,0.000000,0,0,0
1706,452.965782,0.000000,0.000000,0,0,0
1707,453.260411,0.000000,0.000000,0,0,0
1708,454.511826,0.000000,0.000000,0,0,0
1709,454.809850,0.000000,0.000000,0,0,0
1710,455.109877,0.000000,0.000000,0,0,0
1711,455.411901,0.000000,0.000000,0,0,0
1712,456.668370,0.000000,0.000000,0,0,0
1713,456.973741,0.000000,0.000000,0,0,0
1714,457.281095,0.000000,0.000000,0,0,0
1715,457.590428,0.000000,0.000000,0,0,0
1716,458.851828,0.000000,0.000000,0,0,0
1717,459.164459,0.000000,0.000000,0,0,0
1718,459.479053,0.000000,0.000000,0,0,0
1719,459.795607,0.000000,0.000000,0,0,0
1720,460.114116,0.000000,0.000000,0,0,0
1721,461.381621,0.000000,0.000000,0,0,0
1722,461.703368,0.000000,0.000000,0,0,0
1723,462.027055,0.000000,0.000000,0,0,0
1724,462.352679,0.000000,0.000000,0,0,0
1725,463.624848,0.000000,0.000000,0,0,0
1726,463.953661,0.000000,0.000000,0,0,0
1727,464.284396,0.000000,0.000000,0,0,0
1728,464.617047,0.000000,0.000000,0,0,0
1729,465.893765,0.000000,0.000000,0,0,0
1730,466.229557,0.000000,0.000000,0,0,0
1731,466.567251,0.000000,0.000000,0,0,0
1732,466.906843,0.000000,0.000000,0,0,0
1733,468.187996,0.000000,0.000000,0,0,0
1734,468.530682,0.000000,0.000000,0,0,0
1735,468.875250,0.000000,0.000000,0,0,0
1736,469.221696,0.000000,0.000000,0,0,0
1737,470.507173,0.000000,0.000000,0,0,0
1738,470.856666,0.000000,0.000000,0,0,0
1739,471.208022,0.000000,0.000000,0,0,0
1740,471.561237,0.000000,0.000000,0,0,0
1741,472.850928,0.000000,0.000000,0,0,0
1742,473.207143,0.000000,0.000000,0,0,0
1743,473.565201,0.000000,0.000000,0,0,0
1744,473.925100,0.000000,0.000000,0,0,0
1745,475.218897,0.000000,0.000000,0,0,0
1746,475.581749,0.000000,0.000000,0,0,0
1747,475.946426,0.000000,0.000000,0,0,0
1748,476.312922,0.000000,0.000000,0,0,0
1749,477.610720,0.000000,0.000000,0,0,0
1750,477.980125,0.000000,0.000000,0,0,0
1751,478.351335,0.000000,0.000000,0,0,0
1752,478.724347,0.000000,0.000000,0,0,0
1753,480.026041,0.000000,0.000000,0,0,0
1754,480.401915,0.000000,0.000000,0,0,0
1755,480.779575,0.000000,0.000000,0,0,0
1756,481.159017,0.000000,0.000000,0,0,0
1757,482.464506,0.000000,0.000000,0,0,0
1758,482.846767,0.000000,0.000000,0,0,0
1759,483.230794,0.000000,0.000000,0,0,0
1760,483.616584,0.000000,0.000000,0,0,0
1761,484.925768,0.000000,0.000000,0,0,0
1762,485.314331,0.000000,0.000000,0,0,0
1763,485.704643,0.000000,0.000000,0,0,0
1764,486.096698,0.000000,0.000000,0,0,0
1765,487.409479,0.000000,0.000000,0,0,0
1766,487.804264,0.000000,0.000000,0,0,0
1767,488.200778,0.000000,0.000000,0,0,0
1768,488.599018,0.000000,0.000000,0,0,0
1769,489.915299,0.000000,0.000000,0,0,0
1770,490.316224,0.000000,0.000000,0,0,0
1771,490.718860,0.000000,0.000000,0,0,0
1772,491.123202,0.000000,0.000000,0,0,0
1773,492.442890,0.000000,0.000000,0,0,0
1774,492.849876,0.000000,0.000000,0,0,0
1775,493.258553,0.000000,0.000000,0,0,0
1776,493.668917,0.000000,0.000000,0,0,0
1777,494.991919,0.000000,0.000000,0,0,0
1778,495.404885,0.000000,0.000000,0,0,0
1779,495.819524,0.000000,0.000000,0,0,0
1780,496.235831,0.000000,0.000000,0,0,0
1781,496.653803,0.000000,0.000000,0,0,0
1782,497.980923,0.000000,0.000000,0,0,0
1783,498.401445,0.000000,0.000000,0,0,0
1784,498.823616,0.000000,0.000000,0,0,0
1785,500.152977,0.000000,0.000000,0,0,0
1786,500.577666,0.000000,0.000000,0,0,0
1787,501.003992,0.000000,0.000000,0,0,0
