Point_Index,StraightPath_Length,GyroPath_Length,GyroPath_Perc,CLR_Alpha,CLR_Gamma,Left_CLR_Alpha,Left_CLR_Gamma,Right_CLR_Alpha,Right_CLR_Gamma,DiegoPath_Length,DiegoPath_Perc
0,281.469359,0.000000,0.000000,0,0,0,0,0,0,298.438600,106.028806
1,280.708033,0.000000,0.000000,0,0,0,0,0,0,297.852814,106.107691
2,280.927037,0.000000,0.000000,0,0,0,0,0,0,298.267027,106.172418
3,281.149426,0.000000,0.000000,0,0,0,0,0,0,298.681241,106.235764
4,281.375194,0.000000,0.000000,0,0,0,0,0,0,299.095454,106.297734
5,281.604332,0.000000,0.000000,0,0,0,0,0,0,299.509668,106.358331
6,281.836832,0.000000,0.000000,0,0,0,0,0,0,299.923882,106.417561
7,282.072686,0.000000,0.000000,0,0,0,0,0,0,300.338095,106.475427
8,282.311884,0.000000,0.000000,0,0,0,0,0,0,300.752309,106.531933
9,282.554420,0.000000,0.000000,0,0,0,0,0,0,301.166522,106.587086
10,282.800283,0.000000,0.000000,0,0,0,0,0,0,301.580736,106.640889
11,282.081548,0.000000,0.000000,0,0,0,0,0,0,300.994949,106.704941
12,282.334908,0.000000,0.000000,0,0,0,0,0,0,301.409163,106.755897
13,282.591578,0.000000,0.000000,0,0,0,0,0,0,301.823376,106.805510
14,282.851551,0.000000,0.000000,0,0,0,0,0,0,302.237590,106.853786
15,283.114818,0.000000,0.000000,0,0,0,0,0,0,302.651804,106.900729
16,282.418130,0.000000,0.000000,0,0,0,0,0,0,302.066017,106.957021
17,282.688875,0.000000,0.000000,0,0,0,0,0,0,302.480231,107.001109
18,282.962895,0.000000,0.000000,0,0,0,0,0,0,302.894444,107.043874
19,283.240181,0.000000,0.000000,0,0,0,0,0,0,303.308658,107.085321
20,283.520722,0.000000,0.000000,0,0,0,0,0,0,303.722871,107.125458
21,283.804510,0.000000,0.000000,0,0,0,0,0,0,304.137085,107.164289
22,284.091535,0.000000,0.000000,0,0,0,0,0,0,304.551299,107.201821
23,284.381786,0.000000,0.000000,0,0,0,0,0,0,304.965512,107.238061
24,284.675254,0.000000,0.000000,0,0,0,0,0,0,305.379726,107.273014
25,284.971928,0.000000,0.000000,0,0,0,0,0,0,305.793939,107.306688
26,284.318483,0.000000,0.000000,0,0,0,0,0,0,305.208153,107.347278
27,284.622557,0.000000,0.000000,0,0,0,0,0,0,305.622366,107.378125
28,284.929816,0.000000,0.000000,0,0,0,0,0,0,306.036580,107.407706
29,285.240250,0.000000,0.000000,0,0,0,0,0,0,306.450793,107.436028
30,285.553848,0.000000,0.000000,0,0,0,0,0,0,306.865007,107.463097
31,285.870600,0.000000,0.000000,0,0,0,0,0,0,307.279221,107.488920
32,285.243755,0.000000,0.000000,0,0,0,0,0,0,306.693434,107.519772
33,285.567855,0.000000,0.000000,0,0,0,0,0,0,307.107648,107.542793
34,285.895086,0.000000,0.000000,0,0,0,0,0,0,307.521861,107.564585
35,286.225436,0.000000,0.000000,0,0,0,0,0,0,307.936075,107.585154
36,286.558894,0.000000,0.000000,0,0,0,0,0,0,308.350288,107.604508
37,286.895451,0.000000,0.000000,0,0,0,0,0,0,308.764502,107.622655
38,287.235095,0.000000,0.000000,0,0,0,0,0,0,309.178716,107.639603
39,287.577816,0.000000,0.000000,0,0,0,0,0,0,309.592929,107.655359
40,287.923601,0.000000,0.000000,0,0,0,0,0,0,310.007143,107.669931
41,288.272441,0.000000,0.000000,0,0,0,0,0,0,310.421356,107.683327
42,287.689068,575.378137,200.000000,0,13573,0,13573,0,0,311.249783,108.189646
43,288.045135,576.090271,200.000000,4,13593,4,13593,0,0,311.663997,108.199709
44,288.404230,576.808460,200.000000,14,13592,14,13592,0,0,312.078210,108.208611
45,288.766342,577.532683,200.000000,26,13612,26,13612,0,0,312.492424,108.216360
46,289.131458,578.262916,200.000000,40,13624,40,13624,0,0,312.906638,108.222965
47,288.570615,577.141231,200.000000,66,13561,66,13561,0,0,312.320851,108.230303
48,288.942901,577.885802,200.000000,84,13577,84,13577,0,0,312.735065,108.234210
49,289.318164,578.636328,200.000000,104,13601,104,13601,0,0,313.149278,108.236992
50,289.696393,579.392786,200.000000,127,13614,127,13614,0,0,313.563492,108.238659
51,290.077576,580.155152,200.000000,152,13621,152,13621,0,0,313.977705,108.239220
52,290.461701,580.923403,200.000000,177,13643,177,13643,0,0,314.391919,108.238683
53,290.848758,581.697516,200.000000,204,13657,204,13657,0,0,314.806133,108.237056
54,291.238734,582.477467,200.000000,230,13690,230,13690,0,0,315.220346,108.234349
55,291.631617,583.263234,200.000000,259,13681,259,13681,0,0,315.634560,108.230569
56,292.027396,584.054792,200.000000,292,13693,292,13693,0,0,316.048773,108.225727
57,291.509863,583.019725,200.000000,338,13591,338,13591,0,0,315.462987,108.216917
58,291.912658,583.825316,200.000000,372,13592,372,13592,0,0,315.877200,108.209491
59,292.318320,584.636639,200.000000,409,13595,409,13595,0,0,316.291414,108.201024
60,292.726835,585.453670,200.000000,444,13619,444,13619,0,0,316.705627,108.191525
61,293.138193,586.276385,200.000000,482,13606,482,13606,0,0,317.119841,108.181004
62,293.552380,587.104761,200.000000,520,13572,520,13572,0,0,317.534055,108.169470
63,293.061427,586.122854,200.000000,581,13491,581,13491,0,0,316.948268,108.150797
64,293.482538,586.965076,200.000000,623,13467,623,13467,0,0,317.362482,108.136751
65,293.906448,587.812895,200.000000,667,13511,667,13511,0,0,317.776695,108.121716
66,294.333145,588.666289,200.000000,714,13495,714,13495,0,0,318.190909,108.105701
67,294.762616,589.525233,200.000000,758,13478,758,13478,0,0,318.605122,108.088714
68,295.194851,590.389702,200.000000,807,13503,807,13503,0,0,319.019336,108.070766
69,295.629836,591.259672,200.000000,856,13467,856,13467,0,0,319.433550,108.051864
70,296.067560,592.135120,200.000000,905,13472,905,13472,0,0,319.847763,108.032019
71,296.508010,593.016020,200.000000,957,13457,957,13457,0,0,320.261977,108.011239
72,296.951174,593.902349,200.000000,1010,13475,1010,13475,0,0,320.676190,107.989534
73,296.502951,593.005902,200.000000,1079,13318,1079,13318,0,0,320.090404,107.955217
74,296.952858,593.905716,200.000000,1145,13329,1145,13329,0,0,320.504617,107.931144
75,297.405447,594.810894,200.000000,1199,13309,1199,13309,0,0,320.918831,107.906171
76,297.860706,595.721411,200.000000,1252,13280,1252,13280,0,0,321.333044,107.880307
77,298.318622,596.637243,200.000000,1308,13276,1308,13276,0,0,321.747258,107.853562
78,297.892598,595.785196,200.000000,1396,13160,1396,13160,0,0,322.333044,108.204449
79,298.357169,596.714337,200.000000,1453,13111,1453,13111,0,0,323.333044,108.371133
80,298.824363,597.648726,200.000000,1513,13106,1513,13106,0,0,324.333044,108.536346
81,299.294170,598.588339,200.000000,1572,13107,1572,13107,0,0,325.333044,108.700094
82,299.766576,599.533152,200.000000,1630,13112,1630,13112,0,0,326.333044,108.862385
83,300.241569,600.483139,200.000000,1691,13092,1691,13092,0,0,327.333044,109.023226
84,300.719138,601.438276,200.000000,1753,13072,1753,13072,0,0,328.333044,109.182624
85,301.199270,602.398539,200.000000,1812,13042,1812,13042,0,0,329.333044,109.340585
86,300.807247,601.614495,200.000000,1910,12964,1910,12964,0,0,329.918831,109.677820
87,301.293876,602.587753,200.000000,1970,12911,1970,12911,0,0,330.918831,109.832578
88,301.783035,603.566069,200.000000,2032,12921,2032,12921,0,0,331.918831,109.985915
89,302.274709,604.549419,200.000000,2097,12906,2097,12906,0,0,332.918831,110.137838
90,301.900646,603.801292,200.000000,2196,12772,2196,12772,0,0,333.504617,110.468335
91,302.398743,604.797487,200.000000,2261,12732,2261,12732,0,0,334.504617,110.617066
92,302.899323,605.798646,200.000000,2326,12723,2326,12723,0,0,335.504617,110.764400
93,303.402373,606.804746,200.000000,2391,12728,2391,12728,0,0,336.504617,110.910345
94,303.907881,607.815762,200.000000,2457,12679,2457,12679,0,0,337.504617,111.054908
95,304.415834,608.831668,200.000000,2524,12702,2524,12702,0,0,338.504617,111.198098
96,304.067427,608.134853,200.000000,2632,12544,2632,12544,0,0,339.090404,111.518161
97,304.581680,609.163361,200.000000,2699,12536,2699,12536,0,0,340.090404,111.658194
98,305.098345,610.196690,200.000000,2767,12513,2767,12513,0,0,341.090404,111.796871
99,305.617408,611.234816,200.000000,2836,12482,2836,12482,0,0,342.090404,111.934201
100,305.286750,610.573501,200.000000,2949,12369,2949,12369,0,0,342.676190,112.247318
101,305.812034,611.624068,200.000000,3013,12373,3013,12373,0,0,343.676190,112.381513
102,306.339681,612.679361,200.000000,3084,12329,3084,12329,0,0,344.676190,112.514379
103,306.869679,613.739358,200.000000,3153,12320,3153,12320,0,0,345.676190,112.645926
104,307.402017,614.804034,200.000000,3225,12286,3225,12286,0,0,346.676190,112.776160
105,307.936682,615.873364,200.000000,3296,12275,3296,12275,0,0,347.676190,112.905091
106,307.631273,615.262546,200.000000,3412,12109,3412,12109,0,0,348.261977,113.207599
107,308.172030,616.344060,200.000000,3484,12092,3484,12092,0,0,349.261977,113.333445
108,308.715079,617.430158,200.000000,3556,12068,3556,12068,0,0,350.261977,113.458007
109,309.260408,618.520816,200.000000,3627,12103,3627,12103,0,0,351.261977,113.581295
110,308.972491,617.944981,200.000000,3749,11933,3749,11933,0,0,351.847763,113.876728
111,309.523828,619.047656,200.000000,3824,11901,3824,11901,0,0,352.847763,113.996963
112,310.077410,620.154819,200.000000,3913,11904,3913,11904,0,0,353.847763,114.115944
113,310.633224,621.266448,200.000000,3971,11865,3971,11865,0,0,354.847763,114.233680
114,311.191260,622.382519,200.000000,4047,11856,4047,11856,0,0,355.847763,114.350179
115,311.751504,623.503007,200.000000,4122,11824,4122,11824,0,0,356.847763,114.465451
116,311.488363,622.976725,200.000000,4247,11714,4247,11714,0,0,357.433550,114.750210
117,312.054482,624.108965,200.000000,4322,11710,4322,11710,0,0,358.433550,114.862490
118,312.622776,625.245552,200.000000,4396,11693,4396,11693,0,0,359.433550,114.973565
119,313.193231,626.386462,200.000000,4474,11643,4474,11643,0,0,360.433550,115.083442
120,312.947280,625.894560,200.000000,4605,11526,4605,11526,0,0,361.019336,115.361072
121,313.523524,627.047048,200.000000,4681,11499,4681,11499,0,0,362.019336,115.467998
122,314.101894,628.203789,200.000000,4758,11450,4758,11450,0,0,363.019336,115.573749
123,314.682380,629.364759,200.000000,4831,11422,4831,11422,0,0,364.019336,115.678335
124,315.264968,630.529936,200.000000,4914,11421,4914,11421,0,0,365.019336,115.781762
125,315.039680,630.079360,200.000000,5047,11284,5047,11284,0,0,365.605122,116.050500
126,315.627946,631.255891,200.000000,5124,11263,5124,11263,0,0,366.605122,116.151034
127,316.218279,632.436558,200.000000,5205,11248,5205,11248,0,0,367.605122,116.250434
128,316.810669,633.621338,200.000000,5280,11207,5280,11207,0,0,368.605122,116.348709
129,316.602274,0.000000,0.000000,0,0,0,0,0,0,369.190909,116.610315
130,317.200252,0.000000,0.000000,0,0,0,0,0,0,370.190909,116.705742
131,317.800252,0.000000,0.000000,0,0,0,0,0,0,371.190909,116.800068
132,318.402261,0.000000,0.000000,0,0,0,0,0,0,372.190909,116.893299
133,319.006270,0.000000,0.000000,0,0,0,0,0,0,373.190909,116.985447
134,319.612265,0.000000,0.000000,0,0,0,0,0,0,374.190909,117.076517
135,319.427613,0.000000,0.000000,0,0,0,0,0,0,374.776695,117.327582
136,320.039060,0.000000,0.000000,0,0,0,0,0,0,375.776695,117.415885
137,320.652460,0.000000,0.000000,0,0,0,0,0,0,376.776695,117.503136
138,321.267801,0.000000,0.000000,0,0,0,0,0,0,377.776695,117.589343
139,321.099673,0.000000,0.000000,0,0,0,0,0,0,378.362482,117.833344
140,321.720375,0.000000,0.000000,0,0,0,0,0,0,379.362482,117.916834
141,322.342985,0.000000,0.000000,0,0,0,0,0,0,380.362482,117.999305
142,322.187833,0.000000,0.000000,0,0,0,0,0,0,380.948268,118.237943
143,322.815737,0.000000,0.000000,0,0,0,0,0,0,381.948268,118.317735
144,323.445513,0.000000,0.000000,0,0,0,0,0,0,382.948268,118.396531
145,324.077151,0.000000,0.000000,0,0,0,0,0,0,383.948268,118.474341
146,324.710640,0.000000,0.000000,0,0,0,0,0,0,384.948268,118.551171
147,324.575107,0.000000,0.000000,0,0,0,0,0,0,385.534055,118.781153
148,325.213776,0.000000,0.000000,0,0,0,0,0,0,386.534055,118.855376
149,325.854262,0.000000,0.000000,0,0,0,0,0,0,387.534055,118.928644
150,325.731485,0.000000,0.000000,0,0,0,0,0,0,388.119841,119.153309
151,326.377083,0.000000,0.000000,0,0,0,0,0,0,389.119841,119.224009
152,327.024464,0.000000,0.000000,0,0,0,0,0,0,390.119841,119.293779
153,327.673618,0.000000,0.000000,0,0,0,0,0,0,391.119841,119.362628
154,326.914362,0.000000,0.000000,0,0,0,0,0,0,390.705627,119.513143
155,326.156404,0.000000,0.000000,0,0,0,0,0,0,390.291414,119.663882
156,325.504224,0.000000,0.000000,0,0,0,0,0,0,389.291414,119.596425
157,324.853813,0.000000,0.000000,0,0,0,0,0,0,388.291414,119.528046
158,324.205182,0.000000,0.000000,0,0,0,0,0,0,387.291414,119.458736
159,323.558341,0.000000,0.000000,0,0,0,0,0,0,386.291414,119.388489
160,322.913301,0.000000,0.000000,0,0,0,0,0,0,385.291414,119.317294
161,322.270073,0.000000,0.000000,0,0,0,0,0,0,384.291414,119.245144
162,321.628668,0.000000,0.000000,0,0,0,0,0,0,383.291414,119.172030
163,320.989096,0.000000,0.000000,0,0,0,0,0,0,382.291414,119.097944
164,320.351370,0.000000,0.000000,0,0,0,0,0,0,381.291414,119.022876
165,319.715499,0.000000,0.000000,0,0,0,0,0,0,380.291414,118.946819
166,319.081494,0.000000,0.000000,0,0,0,0,0,0,379.291414,118.869762
167,318.449368,0.000000,0.000000,0,0,0,0,0,0,378.291414,118.791699
168,317.819131,0.000000,0.000000,0,0,0,0,0,0,377.291414,118.712619
169,317.190794,0.000000,0.000000,0,0,0,0,0,0,376.291414,118.632514
170,316.564369,0.000000,0.000000,0,0,0,0,0,0,375.291414,118.551375
171,315.939868,0.000000,0.000000,0,0,0,0,0,0,374.291414,118.469194
172,315.317301,0.000000,0.000000,0,0,0,0,0,0,373.291414,118.385960
173,314.696679,0.000000,0.000000,0,0,0,0,0,0,372.291414,118.301666
174,314.078016,0.000000,0.000000,0,0,0,0,0,0,371.291414,118.216301
175,313.461321,0.000000,0.000000,0,0,0,0,0,0,370.291414,118.129858
176,312.846608,0.000000,0.000000,0,0,0,0,0,0,369.291414,118.042326
177,312.233887,0.000000,0.000000,0,0,0,0,0,0,368.291414,117.953697
178,311.623170,0.000000,0.000000,0,0,0,0,0,0,367.291414,117.863962
179,311.014469,0.000000,0.000000,0,0,0,0,0,0,366.291414,117.773110
180,309.612661,0.000000,0.000000,0,0,0,0,0,0,364.877200,117.849573
181,309.006472,0.000000,0.000000,0,0,0,0,0,0,363.877200,117.757145
182,308.402335,0.000000,0.000000,0,0,0,0,0,0,362.877200,117.663571
183,307.800260,0.000000,0.000000,0,0,0,0,0,0,361.877200,117.568842
184,307.200260,0.000000,0.000000,0,0,0,0,0,0,360.877200,117.472947
185,306.602348,0.000000,0.000000,0,0,0,0,0,0,359.877200,117.375879
186,306.006536,0.000000,0.000000,0,0,0,0,0,0,358.877200,117.277626
187,305.412835,0.000000,0.000000,0,0,0,0,0,0,357.877200,117.178179
188,304.821259,0.000000,0.000000,0,0,0,0,0,0,356.877200,117.077530
189,304.231820,0.000000,0.000000,0,0,0,0,0,0,355.877200,116.975667
190,303.644529,0.000000,0.000000,0,0,0,0,0,0,354.877200,116.872582
191,303.059400,0.000000,0.000000,0,0,0,0,0,0,353.877200,116.768264
192,302.476445,0.000000,0.000000,0,0,0,0,0,0,352.877200,116.662704
193,301.895677,0.000000,0.000000,0,0,0,0,0,0,351.877200,116.555892
194,301.317109,0.000000,0.000000,0,0,0,0,0,0,350.877200,116.447819
195,300.740752,0.000000,0.000000,0,0,0,0,0,0,349.877200,116.338474
196,300.166620,0.000000,0.000000,0,0,0,0,0,0,348.877200,116.227847
197,299.594726,0.000000,0.000000,0,0,0,0,0,0,347.877200,116.115929
198,299.025083,0.000000,0.000000,0,0,0,0,0,0,346.877200,116.002710
199,298.457702,0.000000,0.000000,0,0,0,0,0,0,345.877200,115.888180
200,297.892598,0.000000,0.000000,0,0,0,0,0,0,344.877200,115.772330
201,297.329783,0.000000,0.000000,0,0,0,0,0,0,343.877200,115.655148
202,296.769271,0.000000,0.000000,0,0,0,0,0,0,342.877200,115.536625
203,296.211073,0.000000,0.000000,0,0,0,0,0,0,341.877200,115.416752
204,295.655205,0.000000,0.000000,0,0,0,0,0,0,340.877200,115.295518
205,295.101677,0.000000,0.000000,0,0,0,0,0,0,339.877200,115.172914
206,294.550505,0.000000,0.000000,0,0,0,0,0,0,338.877200,115.048929
207,294.001701,0.000000,0.000000,0,0,0,0,0,0,337.877200,114.923553
208,293.455278,0.000000,0.000000,0,0,0,0,0,0,336.877200,114.796777
209,292.071909,0.000000,0.000000,0,0,0,0,0,0,335.462987,114.856300
210,291.528729,0.000000,0.000000,0,0,0,0,0,0,334.462987,114.727282
211,290.987972,0.000000,0.000000,0,0,0,0,0,0,333.462987,114.596828
212,290.449651,0.000000,0.000000,0,0,0,0,0,0,332.462987,114.464929
213,289.913780,0.000000,0.000000,0,0,0,0,0,0,331.462987,114.331574
214,289.380373,0.000000,0.000000,0,0,0,0,0,0,330.462987,114.196752
215,288.849442,0.000000,0.000000,0,0,0,0,0,0,329.462987,114.060455
216,288.321002,0.000000,0.000000,0,0,0,0,0,0,328.462987,113.922671
217,286.944245,0.000000,0.000000,0,0,0,0,0,0,327.048773,113.976418
218,286.419273,0.000000,0.000000,0,0,0,0,0,0,326.048773,113.836185
219,285.896835,0.000000,0.000000,0,0,0,0,0,0,325.048773,113.694429
220,285.376944,0.000000,0.000000,0,0,0,0,0,0,324.048773,113.551140
221,284.859615,0.000000,0.000000,0,0,0,0,0,0,323.048773,113.406308
222,284.344861,0.000000,0.000000,0,0,0,0,0,0,322.048773,113.259924
223,283.832697,0.000000,0.000000,0,0,0,0,0,0,321.048773,113.111976
224,283.323137,0.000000,0.000000,0,0,0,0,0,0,320.048773,112.962456
225,282.816195,0.000000,0.000000,0,0,0,0,0,0,319.048773,112.811352
226,282.311884,0.000000,0.000000,0,0,0,0,0,0,318.048773,112.658656
227,280.944834,0.000000,0.000000,0,0,0,0,0,0,316.634560,112.703464
228,280.444290,0.000000,0.000000,0,0,0,0,0,0,315.634560,112.548043
229,279.946423,0.000000,0.000000,0,0,0,0,0,0,314.634560,112.390991
230,279.451248,558.902496,200.000000,2118,10668,2118,10668,0,0,313.634560,112.232299
231,278.958778,0.000000,0.000000,0,0,0,0,0,0,312.634560,112.071956
232,277.596830,0.000000,0.000000,0,0,0,0,0,0,311.220346,112.112356
233,277.108282,0.000000,0.000000,0,0,0,0,0,0,310.220346,111.949143
234,276.622486,0.000000,0.000000,0,0,0,0,0,0,309.220346,111.784241
235,276.139458,552.278915,200.000000,1818,10673,1818,10673,0,0,308.220346,111.617640
236,275.659210,551.318420,200.000000,1753,10721,1753,10721,0,0,307.220346,111.449331
237,275.181758,550.363516,200.000000,1684,10751,1684,10751,0,0,306.220346,111.279304
238,273.826587,547.653175,200.000000,1653,10657,1653,10657,0,0,304.806133,111.313564
239,273.353251,546.706503,200.000000,1588,10640,1588,10640,0,0,303.806133,111.140486
240,272.882759,545.765517,200.000000,1525,10652,1525,10652,0,0,302.806133,110.965652
241,271.530845,543.061691,200.000000,1494,10588,1494,10588,0,0,301.391919,110.997304
242,271.064568,542.129136,200.000000,1431,10585,1431,10585,0,0,300.391919,110.819323
243,270.601183,541.202365,200.000000,1367,10639,1367,10639,0,0,299.391919,110.639546
244,270.140704,540.281408,200.000000,1303,10667,1303,10667,0,0,298.391919,110.457963
245,269.683147,539.366295,200.000000,1241,10661,1241,10661,0,0,297.391919,110.274565
246,268.337474,536.674948,200.000000,1209,10589,1209,10589,0,0,295.977705,110.300548
247,267.884303,535.768607,200.000000,1150,10583,1150,10583,0,0,294.977705,110.113845
248,266.540804,533.081607,200.000000,1115,10516,1115,10516,0,0,293.563492,110.138293
249,266.092089,532.184179,200.000000,1079,10563,1079,10563,0,0,292.563492,109.948211
250,265.646381,531.292763,200.000000,1010,10533,1010,10533,0,0,291.563492,109.756244
251,264.306640,528.613280,200.000000,975,10453,975,10453,0,0,290.149278,109.777521
252,263.865496,527.730992,200.000000,918,10481,918,10481,0,0,289.149278,109.582072
253,262.528094,525.056187,200.000000,888,10391,888,10391,0,0,287.735065,109.601628
254,262.091587,524.183174,200.000000,832,10422,832,10422,0,0,286.735065,109.402621
255,260.756591,521.513183,200.000000,803,10330,803,10330,0,0,285.320851,109.420379
256,260.324797,520.649594,200.000000,747,10353,747,10353,0,0,284.320851,109.217737
257,258.992278,517.984556,200.000000,721,10255,721,10255,0,0,282.906638,109.233619
258,257.660630,515.321259,200.000000,695,10176,695,10176,0,0,281.492424,109.249296
259,256.329866,512.659731,200.000000,667,10088,667,10088,0,0,280.078210,109.264759
260,255.906233,511.812466,200.000000,616,10085,616,10085,0,0,279.078210,109.054870
261,254.578082,509.156165,200.000000,590,9999,590,9999,0,0,277.663997,109.068304
262,253.250864,506.501728,200.000000,565,9907,565,9907,0,0,276.249783,109.081477
263,251.924592,503.849184,200.000000,538,9842,538,9842,0,0,274.835570,109.094379
264,250.599282,501.198563,200.000000,513,9740,513,9740,0,0,273.421356,109.106999
265,250.185931,500.371862,200.000000,467,9780,467,9780,0,0,272.421356,108.887560
266,248.863416,497.726833,200.000000,443,9682,443,9682,0,0,271.007143,108.897944
267,247.541916,495.083831,200.000000,419,9589,419,9589,0,0,269.592929,108.907992
268,246.221445,492.442890,200.000000,399,9515,399,9515,0,0,268.178716,108.917692
269,244.902021,489.804042,200.000000,372,9416,372,9416,0,0,266.764502,108.927032
270,244.499489,488.998978,200.000000,332,9431,332,9431,0,0,265.764502,108.697365
271,243.183059,486.366117,200.000000,309,9334,309,9334,0,0,264.350288,108.704237
272,241.867732,483.735465,200.000000,288,9249,288,9249,0,0,262.936075,108.710688
273,240.553528,481.107057,200.000000,265,9157,265,9157,0,0,261.521861,108.716701
274,239.240465,478.480930,200.000000,247,9080,247,9080,0,0,260.107648,108.722263
275,238.849325,477.698650,200.000000,211,9099,211,9099,0,0,259.107648,108.481633
276,237.539470,475.078941,200.000000,192,9015,192,9015,0,0,257.693434,108.484469
277,236.230819,472.461639,200.000000,172,8932,172,8932,0,0,256.279221,108.486785
278,234.923392,469.846784,200.000000,155,8850,155,8850,0,0,254.865007,108.488561
279,233.617208,467.234417,200.000000,137,8753,137,8753,0,0,253.450793,108.489779
280,233.238076,466.476152,200.000000,108,8776,108,8776,0,0,252.450793,108.237385
281,231.935336,463.870672,200.000000,92,8686,92,8686,0,0,251.036580,108.235590
282,230.633909,461.267818,200.000000,76,8593,76,8593,0,0,249.622366,108.233159
283,229.333818,458.667636,200.000000,66,8504,66,8504,0,0,248.208153,108.230071
284,228.405341,456.810683,200.000000,71,8441,71,8441,0,0,247.793939,108.488680
285,228.035085,456.070170,200.000000,51,8422,51,8422,0,0,246.793939,108.226302
286,226.737734,453.475468,200.000000,37,8328,37,8328,0,0,245.379726,108.221830
287,225.441788,450.883577,200.000000,26,8254,26,8254,0,0,243.965512,108.216633
288,224.147273,448.294546,200.000000,17,8185,17,8185,0,0,242.551299,108.210685
289,222.854212,445.708425,200.000000,9,8081,9,8081,0,0,241.137085,108.203961
290,221.921157,443.842314,200.000000,13,8017,13,8017,0,0,240.137085,108.208288
291,220.628647,441.257295,200.000000,6,7917,6,7917,0,0,238.722871,108.201212
292,219.337639,438.675279,200.000000,0,7831,0,7831,0,0,237.308658,108.193313
293,218.048160,436.096320,200.000000,0,7732,0,7732,0,0,235.894444,108.184561
294,216.760236,0.000000,0.000000,0,0,0,0,0,0,233.066017,107.522496
295,215.824002,431.648005,200.000000,0,7601,0,7601,0,0,233.480231,108.180846
296,214.536710,0.000000,0.000000,0,0,0,0,0,0,230.651804,107.511579
297,213.600094,0.000000,0.000000,0,0,0,0,0,0,229.651804,107.514842
298,212.313448,0.000000,0.000000,0,0,0,0,0,0,228.237590,107.500299
299,211.376441,0.000000,0.000000,0,0,0,0,0,0,227.237590,107.503745
300,210.090457,0.000000,0.000000,0,0,0,0,0,0,225.823376,107.488641
301,209.153054,0.000000,0.000000,0,0,0,0,0,0,224.823376,107.492275
302,208.216234,0.000000,0.000000,0,0,0,0,0,0,223.823376,107.495642
303,206.929940,0.000000,0.000000,0,0,0,0,0,0,222.409163,107.480417
304,205.992718,0.000000,0.000000,0,0,0,0,0,0,221.409163,107.483976
305,205.056090,0.000000,0.000000,0,0,0,0,0,0,220.409163,107.487255
306,204.120063,0.000000,0.000000,0,0,0,0,0,0,219.409163,107.490249
307,203.184645,0.000000,0.000000,0,0,0,0,0,0,218.409163,107.492947
308,202.249845,0.000000,0.000000,0,0,0,0,0,0,217.409163,107.495342
309,201.315673,0.000000,0.000000,0,0,0,0,0,0,216.409163,107.497424
310,200.382135,0.000000,0.000000,0,0,0,0,0,0,215.409163,107.499185
311,199.449242,0.000000,0.000000,0,0,0,0,0,0,214.409163,107.500616
312,198.881874,0.000000,0.000000,0,0,0,0,0,0,213.823376,107.512752
313,197.952014,0.000000,0.000000,0,0,0,0,0,0,212.823376,107.512610
314,197.022841,0.000000,0.000000,0,0,0,0,0,0,211.823376,107.512091
315,196.468827,0.000000,0.000000,0,0,0,0,0,0,211.237590,107.517102
316,195.542834,0.000000,0.000000,0,0,0,0,0,0,210.237590,107.514853
317,195.000000,0.000000,0.000000,0,0,0,0,0,0,209.651804,107.513745
318,194.077304,0.000000,0.000000,0,0,0,0,0,0,208.651804,107.509636
319,193.155378,0.000000,0.000000,0,0,0,0,0,0,207.651804,107.505059
320,192.626582,0.000000,0.000000,0,0,0,0,0,0,207.066017,107.496076
321,191.708111,0.000000,0.000000,0,0,0,0,0,0,206.066017,107.489462
322,191.191004,0.000000,0.000000,0,0,0,0,0,0,205.480231,107.473797
323,190.682983,0.000000,0.000000,0,0,0,0,0,0,204.894444,107.452926
324,189.770915,0.000000,0.000000,0,0,0,0,0,0,203.894444,107.442410
325,189.274932,0.000000,0.000000,0,0,0,0,0,0,203.308658,107.414466
326,188.788241,0.000000,0.000000,0,0,0,0,0,0,202.722871,107.381090
327,187.882942,0.000000,0.000000,0,0,0,0,0,0,201.722871,107.366251
328,187.408644,0.000000,0.000000,0,0,0,0,0,0,201.137085,107.325404
329,186.507373,0.000000,0.000000,0,0,0,0,0,0,200.137085,107.307868
330,186.045693,0.000000,0.000000,0,0,0,0,0,0,199.551299,107.259295
331,185.593642,0.000000,0.000000,0,0,0,0,0,0,198.965512,107.204918
332,184.699756,0.000000,0.000000,0,0,0,0,0,0,197.965512,107.182335
333,184.260685,0.000000,0.000000,0,0,0,0,0,0,197.379726,107.119826
334,183.831445,0.000000,0.000000,0,0,0,0,0,0,196.793939,107.051294
335,183.412104,0.000000,0.000000,0,0,0,0,0,0,196.208153,106.976665
336,182.529450,0.000000,0.000000,0,0,0,0,0,0,195.208153,106.946114
337,182.123584,0.000000,0.000000,0,0,0,0,0,0,194.622366,106.862803
338,181.727818,0.000000,0.000000,0,0,0,0,0,0,194.036580,106.773185
339,181.342218,0.000000,0.000000,0,0,0,0,0,0,193.450793,106.677196
340,180.966848,0.000000,0.000000,0,0,0,0,0,0,192.865007,106.574773
341,180.099972,0.000000,0.000000,0,0,0,0,0,0,191.865007,106.532502
342,179.738699,0.000000,0.000000,0,0,0,0,0,0,191.279221,106.420722
343,179.387848,0.000000,0.000000,0,0,0,0,0,0,190.693434,106.302314
344,179.047480,0.000000,0.000000,0,0,0,0,0,0,190.107648,106.177226
345,178.717654,0.000000,0.000000,0,0,0,0,0,0,189.521861,106.045405
346,178.398430,0.000000,0.000000,0,0,0,0,0,0,188.936075,105.906803
347,178.089865,0.000000,0.000000,0,0,0,0,0,0,188.350288,105.761374
348,177.248413,0.000000,0.000000,0,0,0,0,0,0,187.350288,105.699275
349,176.954796,0.000000,0.000000,0,0,0,0,0,0,186.764502,105.543622
350,176.672012,0.000000,0.000000,0,0,0,0,0,0,186.178716,105.380990
351,177.228666,0.000000,0.000000,0,0,0,0,0,0,186.592929,105.283718
352,176.400113,0.000000,0.000000,0,0,0,0,0,0,185.592929,105.211343
353,176.139150,0.000000,0.000000,0,0,0,0,0,0,185.007143,105.034652
354,176.708800,0.000000,0.000000,0,0,0,0,0,0,185.421356,104.930460
355,175.889170,0.000000,0.000000,0,0,0,0,0,0,184.421356,104.850888
356,175.650221,0.000000,0.000000,0,0,0,0,0,0,183.835570,104.660028
357,176.232801,0.000000,0.000000,0,0,0,0,0,0,184.249783,104.549087
358,175.422347,0.000000,0.000000,0,0,0,0,0,0,183.249783,104.462052
359,175.205594,0.000000,0.000000,0,0,0,0,0,0,182.663997,104.256944
360,175.801024,0.000000,0.000000,0,0,0,0,0,0,183.078210,104.139445
361,175.601822,0.000000,0.000000,0,0,0,0,0,0,182.492424,103.923992
362,175.413796,0.000000,0.000000,0,0,0,0,0,0,181.906638,103.701443
363,175.236982,0.000000,0.000000,0,0,0,0,0,0,181.320851,103.471795
364,175.071414,0.000000,0.000000,0,0,0,0,0,0,180.735065,103.235052
365,175.695760,0.000000,0.000000,0,0,0,0,0,0,181.149278,103.103956
366,175.547714,0.000000,0.000000,0,0,0,0,0,0,180.563492,102.857216
367,175.410946,0.000000,0.000000,0,0,0,0,0,0,179.977705,102.603463
368,175.285481,0.000000,0.000000,0,0,0,0,0,0,179.391919,102.342714
369,175.931805,0.000000,0.000000,0,0,0,0,0,0,179.806133,102.202176
370,175.823775,0.000000,0.000000,0,0,0,0,0,0,179.220346,101.931804
371,176.479461,0.000000,0.000000,0,0,0,0,0,0,179.634560,101.787800
372,176.388775,0.000000,0.000000,0,0,0,0,0,0,179.048773,101.508031
373,176.309387,0.000000,0.000000,0,0,0,0,0,0,178.462987,101.221489
374,176.980225,0.000000,0.000000,0,0,0,0,0,0,178.877200,101.071857
375,177.654158,0.000000,0.000000,0,0,0,0,0,0,179.291414,100.921597
376,178.331153,0.000000,0.000000,0,0,0,0,0,0,179.705627,100.770743
377,179.011173,0.000000,0.000000,0,0,0,0,0,0,180.119841,100.619329
378,179.694185,0.000000,0.000000,0,0,0,0,0,0,180.534055,100.467388
379,180.380154,0.000000,0.000000,0,0,0,0,0,0,180.948268,100.314954
380,181.069048,0.000000,0.000000,0,0,0,0,0,0,181.362482,100.162056
381,181.760832,0.000000,0.000000,0,0,0,0,0,0,181.776695,100.008728
382,182.455474,0.000000,0.000000,0,0,0,0,0,0,182.190909,99.854997
383,183.152942,0.000000,0.000000,0,0,0,0,0,0,182.605122,99.700895
384,184.567061,0.000000,0.000000,0,0,0,0,0,0,184.019336,99.703238
385,185.267374,0.000000,0.000000,0,0,0,0,0,0,184.433550,99.549934
386,185.970428,0.000000,0.000000,0,0,0,0,0,0,184.847763,99.396321
387,187.384631,0.000000,0.000000,0,0,0,0,0,0,186.261977,99.400882
388,188.090404,0.000000,0.000000,0,0,0,0,0,0,186.676190,99.248120
389,188.798835,0.000000,0.000000,0,0,0,0,0,0,187.676190,99.405375
390,189.509894,0.000000,0.000000,0,0,0,0,0,0,188.676190,99.560074
391,190.223553,0.000000,0.000000,0,0,0,0,0,0,189.676190,99.712253
392,190.939781,0.000000,0.000000,0,0,0,0,0,0,190.676190,99.861951
393,192.353841,0.000000,0.000000,0,0,0,0,0,0,192.090404,99.863046
394,193.072525,0.000000,0.000000,0,0,0,0,0,0,193.090404,100.009260
395,193.793705,0.000000,0.000000,0,0,0,0,0,0,194.090404,100.153100
396,195.207582,0.000000,0.000000,0,0,0,0,0,0,195.504617,100.152164
397,195.931110,0.000000,0.000000,0,0,0,0,0,0,196.504617,100.292709
398,196.657062,0.000000,0.000000,0,0,0,0,0,0,197.504617,100.430981
399,197.385410,0.000000,0.000000,0,0,0,0,0,0,198.504617,100.567016
400,198.116128,0.000000,0.000000,0,0,0,0,0,0,199.504617,100.700846
401,199.529446,0.000000,0.000000,0,0,0,0,0,0,200.918831,100.696331
402,200.262328,0.000000,0.000000,0,0,0,0,0,0,201.918831,100.827167
403,201.675482,0.000000,0.000000,0,0,0,0,0,0,203.333044,100.821896
404,202.410474,0.000000,0.000000,0,0,0,0,0,0,204.333044,100.949837
405,203.147729,0.000000,0.000000,0,0,0,0,0,0,205.333044,101.075727
406,203.887224,0.000000,0.000000,0,0,0,0,0,0,206.333044,101.199595
407,204.628932,0.000000,0.000000,0,0,0,0,0,0,207.333044,101.321471
408,206.041258,0.000000,0.000000,0,0,0,0,0,0,208.747258,101.313329
409,206.784912,0.000000,0.000000,0,0,0,0,0,0,209.747258,101.432573
410,208.197022,0.000000,0.000000,0,0,0,0,0,0,211.161472,101.423867
411,208.942576,0.000000,0.000000,0,0,0,0,0,0,212.161472,101.540565
412,209.690248,0.000000,0.000000,0,0,0,0,0,0,213.161472,101.655405
413,210.440015,0.000000,0.000000,0,0,0,0,0,0,214.161472,101.768417
414,211.191856,0.000000,0.000000,0,0,0,0,0,0,215.161472,101.879625
415,212.602916,0.000000,0.000000,0,0,0,0,0,0,216.575685,101.868633
416,213.356509,0.000000,0.000000,0,0,0,0,0,0,217.575685,101.977524
417,214.767316,0.000000,0.000000,0,0,0,0,0,0,218.989899,101.966120
418,215.522621,0.000000,0.000000,0,0,0,0,0,0,219.989899,102.072765
419,216.279911,0.000000,0.000000,0,0,0,0,0,0,220.989899,102.177728
420,217.039167,0.000000,0.000000,0,0,0,0,0,0,221.989899,102.281031
421,218.449079,0.000000,0.000000,0,0,0,0,0,0,223.404112,102.268279
422,219.209945,0.000000,0.000000,0,0,0,0,0,0,224.404112,102.369494
423,219.972726,0.000000,0.000000,0,0,0,0,0,0,225.404112,102.469118
424,221.382023,0.000000,0.000000,0,0,0,0,0,0,226.818326,102.455621
425,222.146348,0.000000,0.000000,0,0,0,0,0,0,227.818326,102.553262
426,222.912539,0.000000,0.000000,0,0,0,0,0,0,228.818326,102.649374
427,223.680576,0.000000,0.000000,0,0,0,0,0,0,229.818326,102.743980
428,225.088871,0.000000,0.000000,0,0,0,0,0,0,231.232539,102.729441
429,225.858363,0.000000,0.000000,0,0,0,0,0,0,232.232539,102.822201
430,227.266364,0.000000,0.000000,0,0,0,0,0,0,233.646753,102.807450
431,228.037278,0.000000,0.000000,0,0,0,0,0,0,234.646753,102.898419
432,228.809965,0.000000,0.000000,0,0,0,0,0,0,235.646753,102.987977
433,229.584407,0.000000,0.000000,0,0,0,0,0,0,236.646753,103.076144
434,230.991342,0.000000,0.000000,0,0,0,0,0,0,238.060967,103.060558
435,231.767125,0.000000,0.000000,0,0,0,0,0,0,239.060967,103.147056
436,233.173755,0.000000,0.000000,0,0,0,0,0,0,240.475180,103.131324
437,233.950850,0.000000,0.000000,0,0,0,0,0,0,241.475180,103.216201
438,234.729632,0.000000,0.000000,0,0,0,0,0,0,242.475180,103.299774
439,235.510085,0.000000,0.000000,0,0,0,0,0,0,243.475180,103.382061
440,236.915597,0.000000,0.000000,0,0,0,0,0,0,244.889394,103.365670
441,237.697286,0.000000,0.000000,0,0,0,0,0,0,245.889394,103.446445
442,239.102488,0.000000,0.000000,0,0,0,0,0,0,247.303607,103.429960
443,239.885389,0.000000,0.000000,0,0,0,0,0,0,248.303607,103.509267
444,240.669898,0.000000,0.000000,0,0,0,0,0,0,249.303607,103.587365
445,241.456000,0.000000,0.000000,0,0,0,0,0,0,250.303607,103.664273
446,242.860042,0.000000,0.000000,0,0,0,0,0,0,251.717821,103.647277
447,243.647286,0.000000,0.000000,0,0,0,0,0,0,252.717821,103.722814
448,245.051015,0.000000,0.000000,0,0,0,0,0,0,254.132034,103.705767
449,245.839378,0.000000,0.000000,0,0,0,0,0,0,255.132034,103.779970
450,246.629276,0.000000,0.000000,0,0,0,0,0,0,256.132034,103.853053
451,247.420694,0.000000,0.000000,0,0,0,0,0,0,257.132034,103.925031
452,248.823230,0.000000,0.000000,0,0,0,0,0,0,258.546248,103.907600
453,249.615705,0.000000,0.000000,0,0,0,0,0,0,259.546248,103.978333
454,251.017928,0.000000,0.000000,0,0,0,0,0,0,260.960461,103.960886
455,251.811437,0.000000,0.000000,0,0,0,0,0,0,261.960461,104.030406
456,253.213349,0.000000,0.000000,0,0,0,0,0,0,263.374675,104.012950
457,254.007874,0.000000,0.000000,0,0,0,0,0,0,264.374675,104.081291
458,254.803846,0.000000,0.000000,0,0,0,0,0,0,265.374675,104.148614
459,256.204996,0.000000,0.000000,0,0,0,0,0,0,266.788889,104.131025
460,257.001946,0.000000,0.000000,0,0,0,0,0,0,267.788889,104.197222
461,258.402786,0.000000,0.000000,0,0,0,0,0,0,269.203102,104.179644
462,259.200694,0.000000,0.000000,0,0,0,0,0,0,270.203102,104.244745
463,260.000000,0.000000,0.000000,0,0,0,0,0,0,271.203102,104.308885
464,261.400077,0.000000,0.000000,0,0,0,0,0,0,272.617316,104.291215
465,262.200305,0.000000,0.000000,0,0,0,0,0,0,273.617316,104.354309
466,263.600076,0.000000,0.000000,0,0,0,0,0,0,275.031529,104.336665
467,264.401210,0.000000,0.000000,0,0,0,0,0,0,276.031529,104.398739
468,265.203695,0.000000,0.000000,0,0,0,0,0,0,277.031529,104.459905
469,266.602701,0.000000,0.000000,0,0,0,0,0,0,278.445743,104.442206
470,267.406058,0.000000,0.000000,0,0,0,0,0,0,279.445743,104.502398
471,268.804762,0.000000,0.000000,0,0,0,0,0,0,280.859956,104.484740
472,269.608976,0.000000,0.000000,0,0,0,0,0,0,281.859956,104.543981
473,270.414497,0.000000,0.000000,0,0,0,0,0,0,282.859956,104.602364
474,271.812435,0.000000,0.000000,0,0,0,0,0,0,284.274170,104.584682
475,272.618781,0.000000,0.000000,0,0,0,0,0,0,285.274170,104.642156
476,274.016423,0.000000,0.000000,0,0,0,0,0,0,286.688384,104.624526
477,274.823580,0.000000,0.000000,0,0,0,0,0,0,287.688384,104.681114
478,275.632001,0.000000,0.000000,0,0,0,0,0,0,288.688384,104.736889
479,277.028879,0.000000,0.000000,0,0,0,0,0,0,290.102597,104.719262
480,277.838082,0.000000,0.000000,0,0,0,0,0,0,291.102597,104.774189
481,279.234668,0.000000,0.000000,0,0,0,0,0,0,292.516811,104.756624
482,280.044639,0.000000,0.000000,0,0,0,0,0,0,293.516811,104.810723
483,280.855835,0.000000,0.000000,0,0,0,0,0,0,294.516811,104.864053
484,282.251661,0.000000,0.000000,0,0,0,0,0,0,295.931024,104.846513
485,283.647669,0.000000,0.000000,0,0,0,0,0,0,297.345238,104.829079
486,284.459136,0.000000,0.000000,0,0,0,0,0,0,298.345238,104.881581
487,285.854858,0.000000,0.000000,0,0,0,0,0,0,299.759451,104.864214
488,286.667054,0.000000,0.000000,0,0,0,0,0,0,300.759451,104.915946
489,288.062493,0.000000,0.000000,0,0,0,0,0,0,302.173665,104.898649
490,288.875406,0.000000,0.000000,0,0,0,0,0,0,303.173665,104.949628
491,290.270563,0.000000,0.000000,0,0,0,0,0,0,304.587878,104.932403
492,291.665905,0.000000,0.000000,0,0,0,0,0,0,306.002092,104.915277
493,292.479059,0.000000,0.000000,0,0,0,0,0,0,307.002092,104.965495
494,293.874123,0.000000,0.000000,0,0,0,0,0,0,308.416306,104.948439
495,295.269369,0.000000,0.000000,0,0,0,0,0,0,309.830519,104.931480
496,295.853004,0.000000,0.000000,0,0,0,0,0,0,312.244733,105.540498
497,297.249054,0.000000,0.000000,0,0,0,0,0,0,313.658946,105.520587
498,298.645275,0.000000,0.000000,0,0,0,0,0,0,315.073160,105.500802
499,300.041664,0.000000,0.000000,0,0,0,0,0,0,316.487373,105.481142
500,301.438219,0.000000,0.000000,0,0,0,0,0,0,317.901587,105.461606
501,302.834939,0.000000,0.000000,0,0,0,0,0,0,319.315801,105.442193
502,303.423796,0.000000,0.000000,0,0,0,0,0,0,320.315801,105.567132
503,304.821259,0.000000,0.000000,0,0,0,0,0,0,321.730014,105.547105
504,306.218876,0.000000,0.000000,0,0,0,0,0,0,323.144228,105.527207
505,306.811017,0.000000,0.000000,0,0,0,0,0,0,324.144228,105.649475
506,308.209344,0.000000,0.000000,0,0,0,0,0,0,325.558441,105.628998
507,309.607816,0.000000,0.000000,0,0,0,0,0,0,326.972655,105.608656
508,311.006431,0.000000,0.000000,0,0,0,0,0,0,328.386868,105.588450
509,311.602311,0.000000,0.000000,0,0,0,0,0,0,329.386868,105.707454
510,313.001597,0.000000,0.000000,0,0,0,0,0,0,330.801082,105.686707
511,313.600064,0.000000,0.000000,0,0,0,0,0,0,331.801082,105.803895
512,315.000000,0.000000,0.000000,0,0,0,0,0,0,333.215295,105.782633
513,316.400063,0.000000,0.000000,0,0,0,0,0,0,334.629509,105.761518
514,317.800252,0.000000,0.000000,0,0,0,0,0,0,336.043723,105.740546
515,318.402261,0.000000,0.000000,0,0,0,0,0,0,337.043723,105.854689
516,319.803064,0.000000,0.000000,0,0,0,0,0,0,338.457936,105.833237
517,320.407553,0.000000,0.000000,0,0,0,0,0,0,339.457936,105.945672
518,321.808950,0.000000,0.000000,0,0,0,0,0,0,340.872150,105.923763
519,322.415881,0.000000,0.000000,0,0,0,0,0,0,341.872150,106.034526
520,323.817850,0.000000,0.000000,0,0,0,0,0,0,343.286363,106.012180
521,324.427188,0.000000,0.000000,0,0,0,0,0,0,344.286363,106.121304
522,325.829710,0.000000,0.000000,0,0,0,0,0,0,345.700577,106.098544
523,326.441419,0.000000,0.000000,0,0,0,0,0,0,346.700577,106.206062
524,327.844475,0.000000,0.000000,0,0,0,0,0,0,348.114790,106.182906
525,329.247627,0.000000,0.000000,0,0,0,0,0,0,349.529004,106.159916
526,329.862092,0.000000,0.000000,0,0,0,0,0,0,350.529004,106.265319
527,330.478441,0.000000,0.000000,0,0,0,0,0,0,351.529004,106.369724
528,331.882509,0.000000,0.000000,0,0,0,0,0,0,352.943218,106.345833
529,332.501128,0.000000,0.000000,0,0,0,0,0,0,353.943218,106.448727
530,333.905675,0.000000,0.000000,0,0,0,0,0,0,355.357431,106.424496
531,335.310304,0.000000,0.000000,0,0,0,0,0,0,356.771645,106.400442
532,335.931541,0.000000,0.000000,0,0,0,0,0,0,357.771645,106.501356
533,337.336627,0.000000,0.000000,0,0,0,0,0,0,359.185858,106.476982
534,337.960057,0.000000,0.000000,0,0,0,0,0,0,360.185858,106.576458
535,339.365585,0.000000,0.000000,0,0,0,0,0,0,361.600072,106.551780
536,339.991176,0.000000,0.000000,0,0,0,0,0,0,362.600072,106.649848
537,341.397129,0.000000,0.000000,0,0,0,0,0,0,364.014285,106.624882
538,342.024853,0.000000,0.000000,0,0,0,0,0,0,365.014285,106.721568
539,342.654345,0.000000,0.000000,0,0,0,0,0,0,366.014285,106.817348
540,344.061041,0.000000,0.000000,0,0,0,0,0,0,367.428499,106.791660
541,344.692617,0.000000,0.000000,0,0,0,0,0,0,368.428499,106.886101
542,346.099697,0.000000,0.000000,0,0,0,0,0,0,369.842712,106.860167
543,346.733327,0.000000,0.000000,0,0,0,0,0,0,370.842712,106.953293
544,348.140776,0.000000,0.000000,0,0,0,0,0,0,372.256926,106.927126
545,348.776433,0.000000,0.000000,0,0,0,0,0,0,373.256926,107.018964
546,350.184237,0.000000,0.000000,0,0,0,0,0,0,374.671140,106.992577
547,350.821892,0.000000,0.000000,0,0,0,0,0,0,375.671140,107.083152
548,352.230038,0.000000,0.000000,0,0,0,0,0,0,377.085353,107.056557
549,352.869664,0.000000,0.000000,0,0,0,0,0,0,378.085353,107.145893
550,353.510962,0.000000,0.000000,0,0,0,0,0,0,379.085353,107.234398
551,354.153921,0.000000,0.000000,0,0,0,0,0,0,380.085353,107.322080
552,355.562934,0.000000,0.000000,0,0,0,0,0,0,381.499567,107.294527
553,356.207805,0.000000,0.000000,0,0,0,0,0,0,382.499567,107.381018
554,356.854312,0.000000,0.000000,0,0,0,0,0,0,383.499567,107.466704
555,358.263869,0.000000,0.000000,0,0,0,0,0,0,384.913780,107.438626
556,358.912246,0.000000,0.000000,0,0,0,0,0,0,385.913780,107.523158
557,359.562234,0.000000,0.000000,0,0,0,0,0,0,386.913780,107.606902
558,360.972298,0.000000,0.000000,0,0,0,0,0,0,388.327994,107.578337
559,361.624114,0.000000,0.000000,0,0,0,0,0,0,389.327994,107.660960
560,362.277518,0.000000,0.000000,0,0,0,0,0,0,390.327994,107.742814
561,363.688053,0.000000,0.000000,0,0,0,0,0,0,391.742207,107.713796
562,364.343245,0.000000,0.000000,0,0,0,0,0,0,392.742207,107.794563
563,365.000000,0.000000,0.000000,0,0,0,0,0,0,393.742207,107.874577
564,366.410971,0.000000,0.000000,0,0,0,0,0,0,395.156421,107.845139
565,367.069476,0.000000,0.000000,0,0,0,0,0,0,396.156421,107.924098
566,367.729520,0.000000,0.000000,0,0,0,0,0,0,397.156421,108.002322
567,368.391097,0.000000,0.000000,0,0,0,0,0,0,398.156421,108.079816
568,369.054197,0.000000,0.000000,0,0,0,0,0,0,399.156421,108.156586
569,369.718812,0.000000,0.000000,0,0,0,0,0,0,400.156421,108.232637
570,370.384935,0.000000,0.000000,0,0,0,0,0,0,401.156421,108.307975
571,371.052557,0.000000,0.000000,0,0,0,0,0,0,402.156421,108.382603
572,372.464763,0.000000,0.000000,0,0,0,0,0,0,403.570635,108.351359
573,373.209057,0.000000,0.000000,0,0,0,0,0,0,403.984848,108.246261
574,373.954543,0.000000,0.000000,0,0,0,0,0,0,404.399062,108.141235
575,374.701214,0.000000,0.000000,0,0,0,0,0,0,404.813275,108.036286
576,375.449064,0.000000,0.000000,0,0,0,0,0,0,405.227489,107.931415
577,375.536949,0.000000,0.000000,0,0,0,0,0,0,404.641702,107.750170
578,376.288453,0.000000,0.000000,0,0,0,0,0,0,405.055916,107.645056
579,377.041112,0.000000,0.000000,0,0,0,0,0,0,405.470129,107.540031
580,377.794918,0.000000,0.000000,0,0,0,0,0,0,405.884343,107.435099
581,377.895488,0.000000,0.000000,0,0,0,0,0,0,405.298557,107.251494
582,378.652875,0.000000,0.000000,0,0,0,0,0,0,405.712770,107.146359
583,379.411386,0.000000,0.000000,0,0,0,0,0,0,406.126984,107.041327
584,380.171014,0.000000,0.000000,0,0,0,0,0,0,406.541197,106.936400
585,380.931752,0.000000,0.000000,0,0,0,0,0,0,406.955411,106.831580
586,381.047241,0.000000,0.000000,0,0,0,0,0,0,406.369624,106.645471
587,381.811472,0.000000,0.000000,0,0,0,0,0,0,406.783838,106.540497
588,381.934549,0.000000,0.000000,0,0,0,0,0,0,406.198052,106.352791
589,382.702234,0.000000,0.000000,0,0,0,0,0,0,406.612265,106.247685
590,383.470990,0.000000,0.000000,0,0,0,0,0,0,407.026479,106.142704
591,384.240810,0.000000,0.000000,0,0,0,0,0,0,407.440692,106.037850
592,384.376118,0.000000,0.000000,0,0,0,0,0,0,406.854906,105.848123
593,385.149322,0.000000,0.000000,0,0,0,0,0,0,407.269119,105.743175
594,385.292097,0.000000,0.000000,0,0,0,0,0,0,406.683333,105.551953
595,386.068647,0.000000,0.000000,0,0,0,0,0,0,407.097546,105.446933
596,386.846223,0.000000,0.000000,0,0,0,0,0,0,407.511760,105.342055
597,387.624819,0.000000,0.000000,0,0,0,0,0,0,407.925974,105.237321
598,387.779577,0.000000,0.000000,0,0,0,0,0,0,407.340187,105.044260
599,387.939428,0.000000,0.000000,0,0,0,0,0,0,406.754401,104.849977
600,388.723552,0.000000,0.000000,0,0,0,0,0,0,407.168614,104.745033
601,389.508665,0.000000,0.000000,0,0,0,0,0,0,407.582828,104.640247
602,390.294760,0.000000,0.000000,0,0,0,0,0,0,407.997041,104.535618
603,390.466388,0.000000,0.000000,0,0,0,0,0,0,407.411255,104.339648
604,390.643060,0.000000,0.000000,0,0,0,0,0,0,407.997041,104.442414
605,391.434541,0.000000,0.000000,0,0,0,0,0,0,408.997041,104.486702
606,392.226975,0.000000,0.000000,0,0,0,0,0,0,409.997041,104.530557
607,393.020356,0.000000,0.000000,0,0,0,0,0,0,410.997041,104.573983
608,393.208596,0.000000,0.000000,0,0,0,0,0,0,411.582828,104.672897
609,393.401830,0.000000,0.000000,0,0,0,0,0,0,412.168614,104.770386
610,394.200457,0.000000,0.000000,0,0,0,0,0,0,413.168614,104.811805
611,395.000000,0.000000,0.000000,0,0,0,0,0,0,414.168614,104.852814
612,395.202480,0.000000,0.000000,0,0,0,0,0,0,414.754401,104.947317
613,396.005050,0.000000,0.000000,0,0,0,0,0,0,415.754401,104.987146
614,396.214588,0.000000,0.000000,0,0,0,0,0,0,416.340187,105.079469
615,397.020151,0.000000,0.000000,0,0,0,0,0,0,417.340187,105.118137
616,397.826595,0.000000,0.000000,0,0,0,0,0,0,418.340187,105.156415
617,398.045224,0.000000,0.000000,0,0,0,0,0,0,418.925974,105.245824
618,398.268753,0.000000,0.000000,0,0,0,0,0,0,419.511760,105.333837
619,399.080192,0.000000,0.000000,0,0,0,0,0,0,420.511760,105.370241
620,399.892486,0.000000,0.000000,0,0,0,0,0,0,420.097546,105.052623
621,400.124980,0.000000,0.000000,0,0,0,0,0,0,420.683333,105.137983
622,400.940145,0.000000,0.000000,0,0,0,0,0,0,421.683333,105.173637
623,401.179511,0.000000,0.000000,0,0,0,0,0,0,422.269119,105.256901
624,401.997512,0.000000,0.000000,0,0,0,0,0,0,423.269119,105.291477
625,402.243707,0.000000,0.000000,0,0,0,0,0,0,423.854906,105.372663
626,402.494720,0.000000,0.000000,0,0,0,0,0,0,424.440692,105.452487
627,403.317493,0.000000,0.000000,0,0,0,0,0,0,425.440692,105.485306
628,404.141064,0.000000,0.000000,0,0,0,0,0,0,426.440692,105.517783
629,404.400791,0.000000,0.000000,0,0,0,0,0,0,427.026479,105.594867
630,404.665294,0.000000,0.000000,0,0,0,0,0,0,427.612265,105.670605
631,405.493526,0.000000,0.000000,0,0,0,0,0,0,428.612265,105.701383
632,406.322532,0.000000,0.000000,0,0,0,0,0,0,429.612265,105.731834
633,406.595622,0.000000,0.000000,0,0,0,0,0,0,430.198052,105.804890
634,406.873445,0.000000,0.000000,0,0,0,0,0,0,430.783838,105.876617
635,407.707003,0.000000,0.000000,0,0,0,0,0,0,431.783838,105.905426
636,407.991421,0.000000,0.000000,0,0,0,0,0,0,432.369624,105.975175
637,408.280541,0.000000,0.000000,0,0,0,0,0,0,432.955411,106.043607
638,409.118565,0.000000,0.000000,0,0,0,0,0,0,433.955411,106.070819
639,409.414216,0.000000,0.000000,0,0,0,0,0,0,434.541197,106.137301
640,409.714535,0.000000,0.000000,0,0,0,0,0,0,435.126984,106.202477
641,410.556939,0.000000,0.000000,0,0,0,0,0,0,436.126984,106.228136
642,410.863724,0.000000,0.000000,0,0,0,0,0,0,436.712770,106.291392
643,411.708635,0.000000,0.000000,0,0,0,0,0,0,437.712770,106.316150
644,412.021844,0.000000,0.000000,0,0,0,0,0,0,438.298557,106.377505
645,412.339666,0.000000,0.000000,0,0,0,0,0,0,438.884343,106.437575
646,412.662089,0.000000,0.000000,0,0,0,0,0,0,439.470129,106.496366
647,413.512999,0.000000,0.000000,0,0,0,0,0,0,440.470129,106.519053
648,413.841757,0.000000,0.000000,0,0,0,0,0,0,441.055916,106.575982
649,414.175084,0.000000,0.000000,0,0,0,0,0,0,441.641702,106.631644
650,413.656863,0.000000,0.000000,0,0,0,0,0,0,441.227489,106.665096
651,413.140412,0.000000,0.000000,0,0,0,0,0,0,440.813275,106.698174
652,413.483978,0.000000,0.000000,0,0,0,0,0,0,441.399062,106.751189
653,412.972154,0.000000,0.000000,0,0,0,0,0,0,440.984848,106.783192
654,412.462119,0.000000,0.000000,0,0,0,0,0,0,440.570635,106.814811
655,412.815940,0.000000,0.000000,0,0,0,0,0,0,441.156421,106.865162
656,412.310563,0.000000,0.000000,0,0,0,0,0,0,440.742207,106.895687
657,411.806994,0.000000,0.000000,0,0,0,0,0,0,440.327994,106.925817
658,411.305239,0.000000,0.000000,0,0,0,0,0,0,439.913780,106.955550
659,410.805307,0.000000,0.000000,0,0,0,0,0,0,439.499567,106.984881
660,410.307202,0.000000,0.000000,0,0,0,0,0,0,439.085353,107.013806
661,409.810932,0.000000,0.000000,0,0,0,0,0,0,438.671140,107.042323
662,409.316503,0.000000,0.000000,0,0,0,0,0,0,438.256926,107.070427
663,408.823923,0.000000,0.000000,0,0,0,0,0,0,437.842712,107.098114
664,408.333197,0.000000,0.000000,0,0,0,0,0,0,437.428499,107.125382
665,407.844333,0.000000,0.000000,0,0,0,0,0,0,437.014285,107.152227
666,407.357337,0.000000,0.000000,0,0,0,0,0,0,436.600072,107.178644
667,406.872216,0.000000,0.000000,0,0,0,0,0,0,436.185858,107.204631
668,406.388976,0.000000,0.000000,0,0,0,0,0,0,435.771645,107.230183
669,405.907625,0.000000,0.000000,0,0,0,0,0,0,435.357431,107.255298
670,405.428169,0.000000,0.000000,0,0,0,0,0,0,434.943218,107.279970
671,404.950614,0.000000,0.000000,0,0,0,0,0,0,434.529004,107.304197
672,403.595094,0.000000,0.000000,0,0,0,0,0,0,433.114790,107.314186
673,403.120329,0.000000,0.000000,0,0,0,0,0,0,432.700577,107.337821
674,402.647489,0.000000,0.000000,0,0,0,0,0,0,432.286363,107.360998
675,402.176578,0.000000,0.000000,0,0,0,0,0,0,431.872150,107.383715
676,401.707605,0.000000,0.000000,0,0,0,0,0,0,431.457936,107.405967
677,401.240576,0.000000,0.000000,0,0,0,0,0,0,431.043723,107.427750
678,399.889985,0.000000,0.000000,0,0,0,0,0,0,429.629509,107.436926
679,399.425838,0.000000,0.000000,0,0,0,0,0,0,429.215295,107.458070
680,398.963657,0.000000,0.000000,0,0,0,0,0,0,428.801082,107.478732
681,398.503450,0.000000,0.000000,0,0,0,0,0,0,428.386868,107.498911
682,398.045224,0.000000,0.000000,0,0,0,0,0,0,427.972655,107.518601
683,397.588984,0.000000,0.000000,0,0,0,0,0,0,427.558441,107.537799
684,397.134738,0.000000,0.000000,0,0,0,0,0,0,427.144228,107.556501
685,396.682493,0.000000,0.000000,0,0,0,0,0,0,426.730014,107.574703
686,395.339095,0.000000,0.000000,0,0,0,0,0,0,425.315801,107.582530
687,394.889858,0.000000,0.000000,0,0,0,0,0,0,424.901587,107.600025
688,394.442645,0.000000,0.000000,0,0,0,0,0,0,424.487373,107.617008
689,393.997462,0.000000,0.000000,0,0,0,0,0,0,424.073160,107.633475
690,392.657612,0.000000,0.000000,0,0,0,0,0,0,422.658946,107.640584
691,392.215502,0.000000,0.000000,0,0,0,0,0,0,422.244733,107.656309
692,391.775446,0.000000,0.000000,0,0,0,0,0,0,421.830519,107.671505
693,390.438215,0.000000,0.000000,0,0,0,0,0,0,420.416306,107.678063
694,390.001282,0.000000,0.000000,0,0,0,0,0,0,420.002092,107.692490
695,389.566426,0.000000,0.000000,0,0,0,0,0,0,419.587878,107.706376
696,388.231889,0.000000,0.000000,0,0,0,0,0,0,418.173665,107.712343
697,387.800206,0.000000,0.000000,0,0,0,0,0,0,417.759451,107.725433
698,387.370624,0.000000,0.000000,0,0,0,0,0,0,417.345238,107.737968
699,386.038858,0.000000,0.000000,0,0,0,0,0,0,415.931024,107.743305
700,385.612500,0.000000,0.000000,0,0,0,0,0,0,415.516811,107.755016
701,385.188266,0.000000,0.000000,0,0,0,0,0,0,415.102597,107.766159
702,384.766163,0.000000,0.000000,0,0,0,0,0,0,414.688384,107.776729
703,384.346198,0.000000,0.000000,0,0,0,0,0,0,414.274170,107.786722
704,383.019582,0.000000,0.000000,0,0,0,0,0,0,412.859956,107.790822
705,382.602927,0.000000,0.000000,0,0,0,0,0,0,412.445743,107.799944
706,381.278114,0.000000,0.000000,0,0,0,0,0,0,411.031529,107.803599
707,380.864805,0.000000,0.000000,0,0,0,0,0,0,410.617316,107.811830
708,380.453677,0.000000,0.000000,0,0,0,0,0,0,410.203102,107.819461
709,379.131903,0.000000,0.000000,0,0,0,0,0,0,408.788889,107.822340
710,378.724174,0.000000,0.000000,0,0,0,0,0,0,408.374675,107.829049
711,377.404293,0.000000,0.000000,0,0,0,0,0,0,406.960461,107.831434
712,377.000000,0.000000,0.000000,0,0,0,0,0,0,406.546248,107.837201
713,375.682046,0.000000,0.000000,0,0,0,0,0,0,405.132034,107.839072
714,375.281228,0.000000,0.000000,0,0,0,0,0,0,404.717821,107.843876
715,374.882648,0.000000,0.000000,0,0,0,0,0,0,404.303607,107.848045
716,373.567932,0.000000,0.000000,0,0,0,0,0,0,402.889394,107.849031
717,373.172882,0.000000,0.000000,0,0,0,0,0,0,402.475180,107.852205
718,371.860189,0.000000,0.000000,0,0,0,0,0,0,401.060967,107.852623
719,371.468707,0.000000,0.000000,0,0,0,0,0,0,400.646753,107.854779
720,370.158074,0.000000,0.000000,0,0,0,0,0,0,399.232539,107.854608
721,369.770199,0.000000,0.000000,0,0,0,0,0,0,398.818326,107.855724
722,368.461667,0.000000,0.000000,0,0,0,0,0,0,397.404112,107.854941
723,368.077438,0.000000,0.000000,0,0,0,0,0,0,396.989899,107.854994
724,366.771046,0.000000,0.000000,0,0,0,0,0,0,395.575685,107.853575
725,366.390502,0.000000,0.000000,0,0,0,0,0,0,395.161472,107.852542
726,365.086291,0.000000,0.000000,0,0,0,0,0,0,393.747258,107.850464
727,364.709473,0.000000,0.000000,0,0,0,0,0,0,393.333044,107.848321
728,363.407485,0.000000,0.000000,0,0,0,0,0,0,391.918831,107.845558
729,362.106338,0.000000,0.000000,0,0,0,0,0,0,390.504617,107.842525
730,360.806042,0.000000,0.000000,0,0,0,0,0,0,389.090404,107.839215
731,359.506606,0.000000,0.000000,0,0,0,0,0,0,387.676190,107.835623
732,359.137857,0.000000,0.000000,0,0,0,0,0,0,387.261977,107.831010
733,357.840747,0.000000,0.000000,0,0,0,0,0,0,385.847763,107.826671
734,357.475873,0.000000,0.000000,0,0,0,0,0,0,385.433550,107.820857
735,356.181134,0.000000,0.000000,0,0,0,0,0,0,384.019336,107.815743
736,354.887306,0.000000,0.000000,0,0,0,0,0,0,382.605122,107.810315
737,353.594400,0.000000,0.000000,0,0,0,0,0,0,381.190909,107.804566
738,352.302427,0.000000,0.000000,0,0,0,0,0,0,379.776695,107.798490
739,351.011396,0.000000,0.000000,0,0,0,0,0,0,378.362482,107.792079
740,349.721318,0.000000,0.000000,0,0,0,0,0,0,376.948268,107.785328
741,348.432203,0.000000,0.000000,0,0,0,0,0,0,375.534055,107.778228
742,347.144062,0.000000,0.000000,0,0,0,0,0,0,374.119841,107.770773
743,345.856907,0.000000,0.000000,0,0,0,0,0,0,372.705627,107.762956
744,344.570747,0.000000,0.000000,0,0,0,0,0,0,371.291414,107.754769
745,343.285595,0.000000,0.000000,0,0,0,0,0,0,369.877200,107.746205
746,342.001462,0.000000,0.000000,0,0,0,0,0,0,368.462987,107.737255
747,341.063044,0.000000,0.000000,0,0,0,0,0,0,367.462987,107.740488
748,339.779340,0.000000,0.000000,0,0,0,0,0,0,366.048773,107.731321
749,338.496676,0.000000,0.000000,0,0,0,0,0,0,364.634560,107.721755
750,337.215065,0.000000,0.000000,0,0,0,0,0,0,363.220346,107.711779
751,335.934517,0.000000,0.000000,0,0,0,0,0,0,361.806133,107.701386
752,334.994030,0.000000,0.000000,0,0,0,0,0,0,360.806133,107.705243
753,333.713949,0.000000,0.000000,0,0,0,0,0,0,359.391919,107.694605
754,332.434956,0.000000,0.000000,0,0,0,0,0,0,357.977705,107.683533
755,331.157062,0.000000,0.000000,0,0,0,0,0,0,356.563492,107.672018
756,329.880281,0.000000,0.000000,0,0,0,0,0,0,355.149278,107.660051
757,328.937684,0.000000,0.000000,0,0,0,0,0,0,354.149278,107.664550
758,327.661411,0.000000,0.000000,0,0,0,0,0,0,352.735065,107.652306
759,326.386274,0.000000,0.000000,0,0,0,0,0,0,351.320851,107.639591
760,325.112288,0.000000,0.000000,0,0,0,0,0,0,349.906638,107.626396
761,323.839466,647.678933,200.000000,0,17481,0,17481,0,0,349.906638,108.049411
762,322.894720,0.000000,0.000000,0,0,0,0,0,0,347.492424,107.617871
763,321.622449,0.000000,0.000000,0,0,0,0,0,0,346.078210,107.603873
764,320.677408,0.000000,0.000000,0,0,0,0,0,0,345.078210,107.609143
765,319.405698,0.000000,0.000000,0,0,0,0,0,0,343.663997,107.594823
766,318.135191,0.000000,0.000000,0,0,0,0,0,0,342.249783,107.579983
767,316.865902,0.000000,0.000000,0,0,0,0,0,0,340.835570,107.564609
768,315.919293,0.000000,0.000000,0,0,0,0,0,0,339.835570,107.570375
769,314.650600,0.000000,0.000000,0,0,0,0,0,0,338.421356,107.554652
770,313.383152,0.000000,0.000000,0,0,0,0,0,0,337.007143,107.538373
771,312.435593,0.000000,0.000000,0,0,0,0,0,0,336.007143,107.544451
772,311.168764,0.000000,0.000000,0,0,0,0,0,0,334.592929,107.527801
773,309.903211,0.000000,0.000000,0,0,0,0,0,0,333.178716,107.510572
774,308.954689,0.000000,0.000000,0,0,0,0,0,0,332.178716,107.516968
775,307.689779,0.000000,0.000000,0,0,0,0,0,0,330.764502,107.499347
776,306.426174,0.000000,0.000000,0,0,0,0,0,0,329.350288,107.481122
777,305.476677,0.000000,0.000000,0,0,0,0,0,0,328.350288,107.487842
778,304.213741,0.000000,0.000000,0,0,0,0,0,0,326.936075,107.469200
779,303.263911,0.000000,0.000000,0,0,0,0,0,0,325.936075,107.476051
780,302.001656,0.000000,0.000000,0,0,0,0,0,0,324.521861,107.456981
781,300.740752,0.000000,0.000000,0,0,0,0,0,0,323.107648,107.437268
782,299.789926,0.000000,0.000000,0,0,0,0,0,0,322.107648,107.444453
783,298.529731,0.000000,0.000000,0,0,0,0,0,0,320.693434,107.424287
784,297.270920,0.000000,0.000000,0,0,0,0,0,0,319.279221,107.403449
785,296.319085,0.000000,0.000000,0,0,0,0,0,0,318.279221,107.410976
786,295.061011,0.000000,0.000000,0,0,0,0,0,0,316.865007,107.389657
787,293.804357,587.608713,200.000000,0,14406,0,14406,0,0,316.865007,107.848982
788,292.851498,0.000000,0.000000,0,0,0,0,0,0,314.450793,107.375511
789,291.898955,0.000000,0.000000,0,0,0,0,0,0,313.450793,107.383322
790,290.642392,0.000000,0.000000,0,0,0,0,0,0,312.036580,107.361001
791,289.387284,0.000000,0.000000,0,0,0,0,0,0,310.622366,107.337946
792,288.433701,0.000000,0.000000,0,0,0,0,0,0,309.622366,107.346113
793,287.179386,0.000000,0.000000,0,0,0,0,0,0,308.208153,107.322519
794,285.926564,0.000000,0.000000,0,0,0,0,0,0,306.793939,107.298159
795,284.971928,0.000000,0.000000,0,0,0,0,0,0,305.793939,107.306688
796,283.719932,0.000000,0.000000,0,0,0,0,0,0,304.379726,107.281756
797,282.469467,564.938935,200.000000,0,13328,0,13328,0,0,304.379726,107.756682
798,281.513765,0.000000,0.000000,0,0,0,0,0,0,301.965512,107.264919
799,280.558372,0.000000,0.000000,0,0,0,0,0,0,300.965512,107.273759
800,279.308074,0.000000,0.000000,0,0,0,0,0,0,299.551299,107.247633
801,278.059346,0.000000,0.000000,0,0,0,0,0,0,298.137085,107.220667
802,277.102869,0.000000,0.000000,0,0,0,0,0,0,297.137085,107.229884
803,275.855034,0.000000,0.000000,0,0,0,0,0,0,295.722871,107.202275
804,274.608813,0.000000,0.000000,0,0,0,0,0,0,294.308658,107.173785
805,273.651238,0.000000,0.000000,0,0,0,0,0,0,293.308658,107.183384
806,272.405947,0.000000,0.000000,0,0,0,0,0,0,291.894444,107.154211
807,271.162313,542.324626,200.000000,0,12248,0,12248,0,0,291.894444,107.645654
808,270.203627,0.000000,0.000000,0,0,0,0,0,0,289.480231,107.134103
809,269.245241,0.000000,0.000000,0,0,0,0,0,0,288.480231,107.144041
810,268.001866,0.000000,0.000000,0,0,0,0,0,0,287.066017,107.113440
811,266.760192,0.000000,0.000000,0,0,0,0,0,0,285.651804,107.081871
812,265.800677,0.000000,0.000000,0,0,0,0,0,0,284.651804,107.092204
813,264.560012,0.000000,0.000000,0,0,0,0,0,0,283.237590,107.059864
814,263.321097,0.000000,0.000000,0,0,0,0,0,0,281.823376,107.026509
815,262.360439,0.000000,0.000000,0,0,0,0,0,0,280.823376,107.037241
816,261.122577,0.000000,0.000000,0,0,0,0,0,0,279.409163,107.003066
817,260.161488,0.000000,0.000000,0,0,0,0,0,0,278.409163,107.013980
818,258.924699,0.000000,0.000000,0,0,0,0,0,0,276.994949,106.978959
819,257.963176,0.000000,0.000000,0,0,0,0,0,0,275.994949,106.990057
820,256.727482,0.000000,0.000000,0,0,0,0,0,0,274.580736,106.954165
821,255.765518,0.000000,0.000000,0,0,0,0,0,0,273.580736,106.965450
822,254.530941,0.000000,0.000000,0,0,0,0,0,0,272.166522,106.928659
823,253.568531,0.000000,0.000000,0,0,0,0,0,0,271.166522,106.940132
824,252.335095,0.000000,0.000000,0,0,0,0,0,0,269.752309,106.902414
825,251.372234,0.000000,0.000000,0,0,0,0,0,0,268.752309,106.914079
826,250.139961,0.000000,0.000000,0,0,0,0,0,0,267.338095,106.875405
827,249.176644,0.000000,0.000000,0,0,0,0,0,0,266.338095,106.887263
828,247.945559,0.000000,0.000000,0,0,0,0,0,0,264.923882,106.847601
829,246.981781,0.000000,0.000000,0,0,0,0,0,0,263.923882,106.859656
830,245.751907,0.000000,0.000000,0,0,0,0,0,0,262.509668,106.818975
831,244.787663,0.000000,0.000000,0,0,0,0,0,0,261.509668,106.831229
832,243.559028,487.118056,200.000000,0,9909,0,9909,0,0,261.509668,107.370140
833,242.594312,0.000000,0.000000,0,0,0,0,0,0,259.095454,106.801950
834,241.366941,482.733881,200.000000,0,9737,0,9737,0,0,259.095454,107.345046
835,240.401747,0.000000,0.000000,0,0,0,0,0,0,256.681241,106.771787
836,239.436839,0.000000,0.000000,0,0,0,0,0,0,255.681241,106.784420
837,238.209991,0.000000,0.000000,0,0,0,0,0,0,254.267027,106.740706
838,236.985232,473.970463,200.000000,0,9365,0,9365,0,0,254.267027,107.292351
839,236.019067,0.000000,0.000000,0,0,0,0,0,0,251.852814,106.708673
840,235.053185,0.000000,0.000000,0,0,0,0,0,0,250.852814,106.721725
841,233.828997,467.657995,200.000000,0,9130,0,9130,0,0,250.852814,107.280456
842,232.862620,0.000000,0.000000,0,0,0,0,0,0,248.438600,106.688914
843,231.639807,463.279613,200.000000,0,8958,0,8958,0,0,248.438600,107.252119
844,230.672929,0.000000,0.000000,0,0,0,0,0,0,246.024387,106.655076
845,229.706334,0.000000,0.000000,0,0,0,0,0,0,245.024387,106.668537
846,228.484135,0.000000,0.000000,0,0,0,0,0,0,243.610173,106.620170
847,227.264163,454.528327,200.000000,0,8630,0,8630,0,0,243.610173,107.192515
848,226.296266,0.000000,0.000000,0,0,0,0,0,0,241.195959,106.584153
849,225.328649,0.000000,0.000000,0,0,0,0,0,0,240.195959,106.598056
850,224.109348,448.218697,200.000000,0,8369,0,8369,0,0,240.195959,107.178019
851,223.141211,0.000000,0.000000,0,0,0,0,0,0,237.781746,106.561108
852,221.923410,443.846820,200.000000,0,8200,0,8200,0,0,237.781746,107.145860
853,220.954746,0.000000,0.000000,0,0,0,0,0,0,235.367532,106.522958
854,219.986363,0.000000,0.000000,0,0,0,0,0,0,234.367532,106.537300
855,218.769285,437.538570,200.000000,0,7972,0,7972,0,0,234.367532,107.129999
856,217.800367,0.000000,0.000000,0,0,0,0,0,0,231.953319,106.498130
857,216.584856,433.169713,200.000000,0,7815,0,7815,0,0,231.953319,107.095816
858,215.615398,0.000000,0.000000,0,0,0,0,0,0,229.539105,106.457659
859,214.646221,0.000000,0.000000,0,0,0,0,0,0,228.539105,106.472457
860,213.431488,426.862976,200.000000,0,7600,0,7600,0,0,228.539105,107.078439
861,212.461761,0.000000,0.000000,0,0,0,0,0,0,226.124892,106.430866
862,211.248669,422.497337,200.000000,0,7448,0,7448,0,0,226.124892,107.042043
863,210.278387,0.000000,0.000000,0,0,0,0,0,0,223.710678,106.387861
864,209.308385,0.000000,0.000000,0,0,0,0,0,0,222.710678,106.403132
865,208.096132,0.000000,0.000000,0,0,0,0,0,0,221.296465,106.343382
866,207.125566,0.000000,0.000000,0,0,0,0,0,0,220.296465,106.358896
867,205.915031,0.000000,0.000000,0,0,0,0,0,0,218.882251,106.297364
868,204.943895,0.000000,0.000000,0,0,0,0,0,0,217.882251,106.313121
869,203.735122,407.470244,200.000000,0,6925,0,6925,0,0,217.882251,106.943883
870,202.763409,0.000000,0.000000,0,0,0,0,0,0,215.468037,106.265740
871,201.791972,0.000000,0.000000,0,0,0,0,0,0,214.468037,106.281749
872,200.584147,0.000000,0.000000,0,0,0,0,0,0,213.053824,106.216681
873,199.612124,0.000000,0.000000,0,0,0,0,0,0,212.053824,106.232938
874,198.406149,0.000000,0.000000,0,0,0,0,0,0,210.639610,106.165868
875,197.433533,0.000000,0.000000,0,0,0,0,0,0,209.639610,106.182373
876,196.229458,392.458915,200.000000,0,6434,0,6434,0,0,209.639610,106.833914
877,195.256242,0.000000,0.000000,0,0,0,0,0,0,207.225397,106.129973
878,194.283298,0.000000,0.000000,0,0,0,0,0,0,206.225397,106.146745
879,193.080294,0.000000,0.000000,0,0,0,0,0,0,204.811183,106.075653
880,192.106741,0.000000,0.000000,0,0,0,0,0,0,203.811183,106.092676
881,190.905736,0.000000,0.000000,0,0,0,0,0,0,202.396970,106.019323
882,189.931567,0.000000,0.000000,0,0,0,0,0,0,201.396970,106.036597
883,188.732615,377.465230,200.000000,0,5953,0,5953,0,0,201.396970,106.710210
884,187.757823,0.000000,0.000000,0,0,0,0,0,0,198.982756,105.978410
885,186.783297,0.000000,0.000000,0,0,0,0,0,0,197.982756,105.995964
886,185.585560,0.000000,0.000000,0,0,0,0,0,0,196.568542,105.918016
887,184.610401,0.000000,0.000000,0,0,0,0,0,0,195.568542,105.935820
888,183.414830,0.000000,0.000000,0,0,0,0,0,0,194.154329,105.855305
889,182.439031,0.000000,0.000000,0,0,0,0,0,0,193.154329,105.873358
890,181.245690,0.000000,0.000000,0,0,0,0,0,0,191.740115,105.790166
891,180.269243,0.000000,0.000000,0,0,0,0,0,0,190.740115,105.808463
892,179.078195,358.156390,200.000000,0,5347,0,5347,0,0,190.740115,106.512194
893,178.101095,0.000000,0.000000,0,0,0,0,0,0,188.325902,105.741013
894,177.124250,0.000000,0.000000,0,0,0,0,0,0,187.325902,105.759602
895,175.934647,0.000000,0.000000,0,0,0,0,0,0,185.911688,105.670879
896,174.957138,0.000000,0.000000,0,0,0,0,0,0,184.911688,105.689708
897,173.769963,0.000000,0.000000,0,0,0,0,0,0,183.497475,105.597925
898,172.791782,0.000000,0.000000,0,0,0,0,0,0,182.497475,105.616987
899,171.607109,0.000000,0.000000,0,0,0,0,0,0,181.083261,105.522004
900,170.425937,340.851874,200.000000,0,4846,0,4846,0,0,181.083261,106.253346
901,169.446157,0.000000,0.000000,0,0,0,0,0,0,178.669048,105.442963
902,168.466614,0.000000,0.000000,0,0,0,0,0,0,177.669048,105.462467
903,167.287178,0.000000,0.000000,0,0,0,0,0,0,176.254834,105.360635
904,166.111408,0.000000,0.000000,0,0,0,0,0,0,174.840620,105.255035
905,165.130252,0.000000,0.000000,0,0,0,0,0,0,173.840620,105.274847
906,163.957312,0.000000,0.000000,0,0,0,0,0,0,172.426407,105.165427
907,162.975458,0.000000,0.000000,0,0,0,0,0,0,171.426407,105.185412
908,161.805439,0.000000,0.000000,0,0,0,0,0,0,170.012193,105.071989
909,160.822884,0.000000,0.000000,0,0,0,0,0,0,169.012193,105.092129
910,159.655880,0.000000,0.000000,0,0,0,0,0,0,167.597980,104.974511
911,158.492902,0.000000,0.000000,0,0,0,0,0,0,166.183766,104.852498
912,157.508730,0.000000,0.000000,0,0,0,0,0,0,165.183766,104.872769
913,156.348969,0.000000,0.000000,0,0,0,0,0,0,163.769553,104.746168
914,155.193428,0.000000,0.000000,0,0,0,0,0,0,162.355339,104.614829
915,154.042202,0.000000,0.000000,0,0,0,0,0,0,160.941125,104.478593
916,152.895389,0.000000,0.000000,0,0,0,0,0,0,159.526912,104.337294
917,151.753089,0.000000,0.000000,0,0,0,0,0,0,158.112698,104.190761
918,150.615404,0.000000,0.000000,0,0,0,0,0,0,156.698485,104.038817
919,149.482440,0.000000,0.000000,0,0,0,0,0,0,155.284271,103.881279
920,149.345238,0.000000,0.000000,0,0,0,0,0,0,154.870058,103.699361
921,148.222805,0.000000,0.000000,0,0,0,0,0,0,153.455844,103.530522
922,148.097941,0.000000,0.000000,0,0,0,0,0,0,153.041631,103.338122
923,146.986394,0.000000,0.000000,0,0,0,0,0,0,151.627417,103.157451
924,146.874096,0.000000,0.000000,0,0,0,0,0,0,151.213203,102.954304
925,145.773797,0.000000,0.000000,0,0,0,0,0,0,149.798990,102.761259
926,145.674294,0.000000,0.000000,0,0,0,0,0,0,149.384776,102.547108
927,144.585615,0.000000,0.000000,0,0,0,0,0,0,147.970563,102.341137
928,144.499135,0.000000,0.000000,0,0,0,0,0,0,147.556349,102.115732
929,143.422453,0.000000,0.000000,0,0,0,0,0,0,146.142136,101.896274
930,143.349224,0.000000,0.000000,0,0,0,0,0,0,145.727922,101.659373
931,143.282937,0.000000,0.000000,0,0,0,0,0,0,145.313708,101.417316
932,142.225174,0.000000,0.000000,0,0,0,0,0,0,143.899495,101.177233
933,142.172431,0.000000,0.000000,0,0,0,0,0,0,143.485281,100.923422
934,142.126704,0.000000,0.000000,0,0,0,0,0,0,143.071068,100.664452
935,141.088625,0.000000,0.000000,0,0,0,0,0,0,141.656854,100.402747
936,141.056726,0.000000,0.000000,0,0,0,0,0,0,141.242641,100.131801
937,141.031911,0.000000,0.000000,0,0,0,0,0,0,140.828427,99.855718
938,141.014184,0.000000,0.000000,0,0,0,0,0,0,140.414214,99.574532
939,140.003571,0.000000,0.000000,0,0,0,0,0,0,139.000000,99.283182
940,140.000000,0.000000,0.000000,0,0,0,0,0,0,139.000000,99.285714
941,140.003571,0.000000,0.000000,0,0,0,0,0,0,139.000000,99.283182
942,139.014388,0.000000,0.000000,0,0,0,0,0,0,138.414214,99.568265
943,139.032370,0.000000,0.000000,0,0,0,0,0,0,138.828427,99.853312
944,139.057542,0.000000,0.000000,0,0,0,0,0,0,139.242641,100.133109
945,139.089899,0.000000,0.000000,0,0,0,0,0,0,139.656854,100.407618
946,138.130373,0.000000,0.000000,0,0,0,0,0,0,139.071068,100.681019
947,138.177422,0.000000,0.000000,0,0,0,0,0,0,139.485281,100.946507
948,138.231690,0.000000,0.000000,0,0,0,0,0,0,139.899495,101.206529
949,138.293167,0.000000,0.000000,0,0,0,0,0,0,140.313708,101.461057
950,138.361844,0.000000,0.000000,0,0,0,0,0,0,140.727922,101.710065
951,137.440896,0.000000,0.000000,0,0,0,0,0,0,140.142136,101.965382
952,137.524543,0.000000,0.000000,0,0,0,0,0,0,140.556349,102.204556
953,137.615406,0.000000,0.000000,0,0,0,0,0,0,140.970563,102.438068
954,137.713471,0.000000,0.000000,0,0,0,0,0,0,141.384776,102.665902
955,137.818722,0.000000,0.000000,0,0,0,0,0,0,141.798990,102.888046
956,137.931142,0.000000,0.000000,0,0,0,0,0,0,142.213203,103.104492
957,138.050715,0.000000,0.000000,0,0,0,0,0,0,142.627417,103.315232
958,138.177422,0.000000,0.000000,0,0,0,0,0,0,143.041631,103.520263
959,138.311243,0.000000,0.000000,0,0,0,0,0,0,143.455844,103.719583
960,138.452158,0.000000,0.000000,0,0,0,0,0,0,143.870058,103.913193
961,138.600144,0.000000,0.000000,0,0,0,0,0,0,144.284271,104.101097
962,138.755180,0.000000,0.000000,0,0,0,0,0,0,144.698485,104.283303
963,138.917242,0.000000,0.000000,0,0,0,0,0,0,145.112698,104.459818
964,139.086304,0.000000,0.000000,0,0,0,0,0,0,145.526912,104.630656
965,139.262342,0.000000,0.000000,0,0,0,0,0,0,145.941125,104.795829
966,139.445330,0.000000,0.000000,0,0,0,0,0,0,146.355339,104.955354
967,138.654246,0.000000,0.000000,0,0,0,0,0,0,145.769553,105.131690
968,138.852440,0.000000,0.000000,0,0,0,0,0,0,146.183766,105.279941
969,139.057542,0.000000,0.000000,0,0,0,0,0,0,146.597980,105.422531
970,139.269523,0.000000,0.000000,0,0,0,0,0,0,147.012193,105.559487
971,139.488351,0.000000,0.000000,0,0,0,0,0,0,147.426407,105.690838
972,139.713994,0.000000,0.000000,0,0,0,0,0,0,147.840620,105.816616
973,139.946418,0.000000,0.000000,0,0,0,0,0,0,148.254834,105.936855
974,140.185591,0.000000,0.000000,0,0,0,0,0,0,148.669048,106.051589
975,140.431478,0.000000,0.000000,0,0,0,0,0,0,149.083261,106.160857
976,140.684043,0.000000,0.000000,0,0,0,0,0,0,149.497475,106.264699
977,140.943251,0.000000,0.000000,0,0,0,0,0,0,149.911688,106.363155
978,141.209065,0.000000,0.000000,0,0,0,0,0,0,150.325902,106.456269
979,141.481448,0.000000,0.000000,0,0,0,0,0,0,150.740115,106.544086
980,141.760361,0.000000,0.000000,0,0,0,0,0,0,151.154329,106.626653
981,141.088625,0.000000,0.000000,0,0,0,0,0,0,150.568542,106.719123
982,141.382460,0.000000,0.000000,0,0,0,0,0,0,150.982756,106.790302
983,140.730238,0.000000,0.000000,0,0,0,0,0,0,150.396970,106.868979
984,140.089257,0.000000,0.000000,0,0,0,0,0,0,149.811183,106.939808
985,139.459672,0.000000,0.000000,0,0,0,0,0,0,149.225397,107.002544
986,139.785550,0.000000,0.000000,0,0,0,0,0,0,149.639610,107.049413
987,139.176147,0.000000,0.000000,0,0,0,0,0,0,149.053824,107.097248
988,138.578498,0.000000,0.000000,0,0,0,0,0,0,148.468037,107.136417
989,137.992753,0.000000,0.000000,0,0,0,0,0,0,147.882251,107.166679
990,137.058382,0.000000,0.000000,0,0,0,0,0,0,146.882251,107.167653
991,136.488095,0.000000,0.000000,0,0,0,0,0,0,146.296465,107.186246
992,136.857590,0.000000,0.000000,0,0,0,0,0,0,146.710678,107.199519
993,135.930129,0.000000,0.000000,0,0,0,0,0,0,145.710678,107.195277
994,135.384637,0.000000,0.000000,0,0,0,0,0,0,145.124892,107.194505
995,134.851770,0.000000,0.000000,0,0,0,0,0,0,144.539105,107.183691
996,134.331679,0.000000,0.000000,0,0,0,0,0,0,143.953319,107.162599
997,133.824512,0.000000,0.000000,0,0,0,0,0,0,143.367532,107.130996
998,132.913506,0.000000,0.000000,0,0,0,0,0,0,142.367532,107.112916
999,132.423563,0.000000,0.000000,0,0,0,0,0,0,141.781746,107.066856
1000,131.946959,0.000000,0.000000,0,0,0,0,0,0,141.195959,107.009635
1001,131.483839,0.000000,0.000000,0,0,0,0,0,0,140.610173,106.941031
1002,130.587136,0.000000,0.000000,0,0,0,0,0,0,139.610173,106.909591
1003,130.142230,0.000000,0.000000,0,0,0,0,0,0,139.024387,106.824961
1004,129.711218,0.000000,0.000000,0,0,0,0,0,0,138.438600,106.728317
1005,128.825463,0.000000,0.000000,0,0,0,0,0,0,137.438600,106.685896
1006,128.413395,0.000000,0.000000,0,0,0,0,0,0,136.852814,106.572070
1007,128.015624,0.000000,0.000000,0,0,0,0,0,0,136.267027,106.445622
1008,127.141653,0.000000,0.000000,0,0,0,0,0,0,135.267027,106.390804
1009,126.763559,0.000000,0.000000,0,0,0,0,0,0,134.681241,106.246023
1010,126.400158,0.000000,0.000000,0,0,0,0,0,0,134.095454,106.088043
1011,125.538839,0.000000,0.000000,0,0,0,0,0,0,133.095454,106.019345
1012,125.195847,0.000000,0.000000,0,0,0,0,0,0,132.509668,105.841904
1013,124.867930,0.000000,0.000000,0,0,0,0,0,0,131.923882,105.650731
1014,124.020160,0.000000,0.000000,0,0,0,0,0,0,130.923882,105.566613
1015,123.713378,0.000000,0.000000,0,0,0,0,0,0,130.338095,105.354891
1016,122.873919,0.000000,0.000000,0,0,0,0,0,0,129.338095,105.260820
1017,122.588743,0.000000,0.000000,0,0,0,0,0,0,128.752309,105.027840
1018,122.319254,0.000000,0.000000,0,0,0,0,0,0,128.166522,104.780333
1019,121.494856,0.000000,0.000000,0,0,0,0,0,0,127.166522,104.668236
1020,121.247680,0.000000,0.000000,0,0,0,0,0,0,126.580736,104.398480
1021,120.432554,0.000000,0.000000,0,0,0,0,0,0,125.580736,104.274743
1022,120.208153,0.000000,0.000000,0,0,0,0,0,0,124.994949,103.982090
1023,120.000000,0.000000,0.000000,0,0,0,0,0,0,124.409163,103.674302
1024,121.400165,0.000000,0.000000,0,0,0,0,0,0,125.823376,103.643497
1025,122.200655,0.000000,0.000000,0,0,0,0,0,0,126.823376,103.782894
1026,123.004065,0.000000,0.000000,0,0,0,0,0,0,127.823376,103.918010
1027,124.402572,248.805145,200.000000,2,2578,4,2547,1,2609,130.651804,105.023394
1028,125.207827,250.415654,200.000000,4,2605,7,2572,2,2638,131.651804,105.146624
1029,126.015872,252.031744,200.000000,6,2638,8,2605,5,2671,132.651804,105.265949
1030,126.826653,253.653307,200.000000,8,2714,0,0,8,2714,133.651804,105.381479
1031,127.640119,255.280238,200.000000,11,2733,0,0,11,2733,134.651804,105.493323
1032,128.456218,256.912436,200.000000,14,2759,0,0,14,2759,135.651804,105.601586
1033,129.849913,259.699827,200.000000,13,2827,0,0,13,2827,137.066017,105.557265
1034,130.667517,261.335034,200.000000,17,2861,0,0,17,2861,138.066017,105.662081
1035,131.487642,262.975284,200.000000,22,2899,0,0,22,2899,139.066017,105.763565
1036,132.310241,264.620483,200.000000,27,2937,0,0,27,2937,140.066017,105.861811
1037,133.135270,266.270539,200.000000,32,2963,0,0,32,2963,141.066017,105.956910
1038,133.962681,267.925363,200.000000,38,2996,0,0,38,2996,142.066017,106.048950
1039,134.792433,269.584866,200.000000,44,3027,0,0,44,3027,143.066017,106.138018
1040,135.624482,271.248963,200.000000,48,3062,0,0,48,3062,144.066017,106.224198
1041,136.458785,272.917570,200.000000,55,3085,0,0,55,3085,145.066017,106.307569
1042,137.295302,274.590604,200.000000,62,3105,0,0,62,3105,146.066017,106.388212
1043,138.133993,276.267986,200.000000,69,3163,0,0,69,3163,147.066017,106.466203
1044,138.974818,277.949636,200.000000,77,3188,0,0,77,3188,148.066017,106.541616
1045,140.356688,280.713377,200.000000,73,3261,0,0,73,3261,149.480231,106.500255
1046,141.198442,282.396884,200.000000,81,3299,0,0,81,3299,150.480231,106.573577
1047,142.042247,284.084494,200.000000,89,3318,0,0,89,3318,151.480231,106.644490
1048,142.888068,285.776136,200.000000,98,3355,0,0,98,3355,152.480231,106.713061
1049,143.735869,287.471738,200.000000,106,3381,0,0,106,3381,153.480231,106.779353
1050,144.585615,289.171230,200.000000,116,3412,0,0,116,3412,154.480231,106.843430
1051,145.437272,290.874543,200.000000,125,3458,0,0,125,3458,155.480231,106.905354
1052,146.290806,292.581613,200.000000,135,3467,0,0,135,3467,156.480231,106.965184
1053,147.665162,295.330324,200.000000,129,3550,0,0,129,3550,157.894444,106.927350
1054,148.519359,297.038718,200.000000,139,3589,0,0,139,3589,158.894444,106.985679
1055,149.375366,298.750732,200.000000,151,3605,0,0,151,3605,159.894444,107.042043
1056,150.233152,300.466304,200.000000,160,3666,0,0,160,3666,160.894444,107.096498
1057,151.092687,302.185374,200.000000,172,3687,0,0,172,3687,161.894444,107.149094
1058,151.953940,303.907881,200.000000,183,3715,0,0,183,3715,162.894444,107.199882
1059,152.816884,305.633768,200.000000,195,3753,0,0,195,3753,163.894444,107.248911
1060,153.681489,307.362978,200.000000,207,3798,0,0,207,3798,164.894444,107.296230
1061,154.547727,309.095455,200.000000,220,3805,0,0,220,3805,165.894444,107.341885
1062,155.415572,310.831144,200.000000,231,3849,0,0,231,3849,166.894444,107.385922
1063,156.284996,312.569992,200.000000,245,3879,0,0,245,3879,167.894444,107.428383
1064,157.155973,314.311947,200.000000,257,3927,0,0,257,3927,168.894444,107.469313
1065,158.028478,316.056957,200.000000,271,3951,0,0,271,3951,169.894444,107.508752
1066,158.902486,317.804972,200.000000,283,3993,0,0,283,3993,170.894444,107.546741
1067,159.777971,319.555942,200.000000,297,4017,0,0,297,4017,171.894444,107.583319
1068,160.654910,321.309819,200.000000,312,4046,0,0,312,4046,172.894444,107.618525
1069,161.533278,323.066557,200.000000,325,4086,0,0,325,4086,173.894444,107.652396
1070,162.413054,324.826107,200.000000,338,4136,0,0,338,4136,174.894444,107.684968
1071,163.294213,326.588426,200.000000,353,4164,0,0,353,4164,175.894444,107.716275
1072,164.648110,329.296219,200.000000,341,4258,0,0,341,4258,177.308658,107.689459
1073,165.529454,331.058907,200.000000,356,4283,0,0,356,4283,178.308658,107.720200
1074,166.412139,332.824278,200.000000,371,4315,0,0,371,4315,179.308658,107.749746
1075,167.296145,334.592289,200.000000,387,4348,0,0,387,4348,180.308658,107.778131
1076,168.181450,336.362899,200.000000,402,4382,0,0,402,4382,181.308658,107.805384
1077,169.068034,338.136067,200.000000,418,4421,0,0,418,4421,182.308658,107.831536
1078,169.955877,339.911753,200.000000,434,4455,0,0,434,4455,183.308658,107.856616
1079,170.844959,341.689918,200.000000,450,4496,0,0,450,4496,184.308658,107.880653
1080,171.735261,343.470523,200.000000,468,4524,0,0,468,4524,185.308658,107.903675
1081,172.626765,345.253530,200.000000,487,4561,0,0,487,4561,186.308658,107.925708
1082,173.519451,347.038903,200.000000,506,4596,0,0,506,4596,187.308658,107.946779
1083,174.413302,348.826604,200.000000,507,4607,0,0,507,4607,188.308658,107.966913
1084,175.308300,350.616600,200.000000,526,4688,0,0,526,4688,189.308658,107.986135
1085,176.204427,352.408853,200.000000,545,4725,0,0,545,4725,190.308658,108.004470
1086,177.101666,354.203331,200.000000,565,4738,0,0,565,4738,191.308658,108.021942
1087,178.000000,356.000000,200.000000,585,4781,0,0,585,4781,192.308658,108.038572
1088,178.899413,357.798826,200.000000,601,4805,0,0,601,4805,193.308658,108.054383
1089,179.799889,359.599778,200.000000,618,4848,0,0,618,4848,194.308658,108.069398
1090,180.701411,361.402822,200.000000,638,4886,0,0,638,4886,195.308658,108.083637
1091,181.603965,363.207929,200.000000,656,4917,0,0,656,4917,196.308658,108.097121
1092,182.507534,365.015068,200.000000,674,4944,0,0,674,4944,197.308658,108.109870
1093,183.412104,366.824209,200.000000,692,5000,0,0,692,5000,198.308658,108.121903
1094,184.317661,368.635321,200.000000,713,5033,0,0,713,5033,199.308658,108.133240
1095,185.224188,370.448377,200.000000,730,5079,0,0,730,5079,200.308658,108.143898
1096,186.131674,372.263348,200.000000,748,5116,0,0,748,5116,201.308658,108.153897
1097,187.040103,374.080205,200.000000,769,5151,0,0,769,5151,202.308658,108.163252
1098,187.949461,375.898923,200.000000,788,5197,0,0,788,5197,203.308658,108.171982
1099,188.859736,377.719473,200.000000,806,5227,0,0,806,5227,204.308658,108.180103
1100,189.770915,379.541829,200.000000,827,5259,0,0,827,5259,205.308658,108.187632
1101,190.682983,381.365966,200.000000,846,5311,0,0,846,5311,206.308658,108.194583
1102,191.595929,383.191858,200.000000,867,5337,0,0,867,5337,207.308658,108.200972
1103,192.509740,385.019480,200.000000,885,5395,0,0,885,5395,208.308658,108.206815
1104,193.424404,386.848808,200.000000,906,5434,0,0,906,5434,209.308658,108.212125
1105,194.339908,388.679817,200.000000,927,5491,0,0,927,5491,210.308658,108.216917
1106,195.256242,390.512484,200.000000,947,5509,0,0,947,5509,211.308658,108.221205
1107,196.173393,392.346785,200.000000,967,5530,0,0,967,5530,212.308658,108.225002
1108,197.091349,394.182699,200.000000,988,5582,0,0,988,5582,213.308658,108.228321
1109,198.010101,396.020202,200.000000,1005,5628,0,0,1005,5628,214.308658,108.231175
1110,198.929636,397.859272,200.000000,1030,5670,0,0,1030,5670,215.308658,108.233576
1111,199.461776,398.923552,200.000000,1100,5650,0,0,1100,5650,216.722871,108.653836
1112,200.384630,400.769260,200.000000,1120,5687,0,0,1120,5687,217.722871,108.652481
1113,201.308221,402.616443,200.000000,1143,5729,0,0,1143,5729,218.722871,108.650740
1114,202.232539,404.465079,200.000000,1162,5762,0,0,1162,5762,219.722871,108.648624
1115,203.157574,406.315149,200.000000,1185,5803,0,0,1185,5803,220.722871,108.646144
1116,204.083316,408.166633,200.000000,1205,5866,0,0,1205,5866,221.722871,108.643311
1117,205.009756,410.019512,200.000000,1227,5868,0,0,1227,5868,222.722871,108.640133
1118,205.936884,411.873767,200.000000,1248,5932,0,0,1248,5932,223.722871,108.636621
1119,206.864690,413.729380,200.000000,1274,5973,0,0,1274,5973,224.722871,108.632784
1120,207.793166,415.586333,200.000000,1288,6019,0,0,1288,6019,225.722871,108.628631
1121,208.722304,417.444607,200.000000,1314,6088,0,0,1314,6088,226.722871,108.624171
1122,209.286884,418.573769,200.000000,1391,6020,0,0,1391,6020,228.137085,109.006871
1123,210.218933,420.437867,200.000000,1413,6069,0,0,1413,6069,229.137085,108.999261
1124,211.151604,422.303209,200.000000,1435,6104,0,0,1435,6104,230.137085,108.991398
1125,212.084889,424.169777,200.000000,1456,6153,0,0,1456,6153,231.137085,108.983288
1126,212.664054,425.328109,200.000000,1536,6131,0,0,1536,6131,232.551299,109.351484
1127,213.600094,427.200187,200.000000,1554,6168,0,0,1554,6168,233.551299,109.340448
1128,214.536710,429.073420,200.000000,1579,6221,0,0,1579,6221,234.551299,109.329214
1129,215.473896,430.947793,200.000000,1601,6248,0,0,1601,6248,235.551299,109.317789
1130,216.411645,432.823290,200.000000,1624,6276,0,0,1624,6276,236.551299,109.306178
1131,217.006912,434.013825,200.000000,1705,6272,0,0,1705,6272,237.965512,109.658033
1132,217.947241,435.894483,200.000000,1727,6313,0,0,1727,6313,238.965512,109.643743
1133,218.552053,437.104107,200.000000,1811,6281,0,0,1811,6281,240.379726,109.987402
1134,219.494875,438.989749,200.000000,1831,6343,0,0,1831,6343,241.379726,109.970552
1135,220.438200,440.876400,200.000000,1854,6382,0,0,1854,6382,242.379726,109.953595
1136,221.054292,442.108584,200.000000,1939,6321,0,0,1939,6321,243.793939,110.286906
1137,221.677694,443.355388,200.000000,2023,6319,0,0,2023,6319,245.208153,110.614717
1138,222.625246,445.250491,200.000000,2048,6340,0,0,2048,6340,246.208153,110.593097
1139,223.257699,446.515397,200.000000,2126,6314,0,0,2126,6314,247.622366,110.913249
1140,224.207493,448.414986,200.000000,2151,6375,0,0,2151,6375,248.622366,110.889410
1141,224.848838,449.697676,200.000000,2235,6352,0,0,2235,6352,250.036580,111.202078
1142,225.497228,0.000000,0.000000,0,0,0,0,0,0,251.450793,111.509483
1143,226.450878,0.000000,0.000000,0,0,0,0,0,0,252.450793,111.481482
1144,227.107904,0.000000,0.000000,0,0,0,0,0,0,253.865007,111.781670
1145,228.063588,456.127175,200.000000,2449,6353,0,0,2449,6353,254.865007,111.751731
1146,228.729097,0.000000,0.000000,0,0,0,0,0,0,256.279221,112.044870
1147,229.401395,0.000000,0.000000,0,0,0,0,0,0,257.693434,112.332985
1148,230.360587,0.000000,0.000000,0,0,0,0,0,0,258.693434,112.299347
1149,231.041122,0.000000,0.000000,0,0,0,0,0,0,260.107648,112.580672
1150,231.728289,0.000000,0.000000,0,0,0,0,0,0,261.521861,112.857115
1151,232.690782,0.000000,0.000000,0,0,0,0,0,0,262.521861,112.820052
1152,233.385946,0.000000,0.000000,0,0,0,0,0,0,263.936075,113.089961
1153,234.087590,0.000000,0.000000,0,0,0,0,0,0,265.350288,113.355128
1154,235.053185,0.000000,0.000000,0,0,0,0,0,0,266.350288,113.314903
1155,235.762592,0.000000,0.000000,0,0,0,0,0,0,267.764502,113.573786
1156,236.478329,0.000000,0.000000,0,0,0,0,0,0,269.178716,113.828069
1157,237.446836,0.000000,0.000000,0,0,0,0,0,0,270.178716,113.784930
1158,238.170107,0.000000,0.000000,0,0,0,0,0,0,271.592929,114.033172
1159,238.899560,0.000000,0.000000,0,0,0,0,0,0,273.007143,114.276955
1160,239.870799,0.000000,0.000000,0,0,0,0,0,0,274.007143,114.231138
1161,240.607564,0.000000,0.000000,0,0,0,0,0,0,275.421356,114.469118
1162,241.350368,0.000000,0.000000,0,0,0,0,0,0,276.835570,114.702775
1163,242.099153,0.000000,0.000000,0,0,0,0,0,0,278.249783,114.932159
1164,243.074063,0.000000,0.000000,0,0,0,0,0,0,279.249783,114.882592
1165,243.829859,0.000000,0.000000,0,0,0,0,0,0,280.663997,115.106492
1166,244.806046,0.000000,0.000000,0,0,0,0,0,0,281.663997,115.055981
1167,245.568728,0.000000,0.000000,0,0,0,0,0,0,283.078210,115.274536
1168,245.358921,0.000000,0.000000,0,0,0,0,0,0,284.078210,115.780673
1169,246.337167,0.000000,0.000000,0,0,0,0,0,0,284.492424,115.489038
1170,247.111311,0.000000,0.000000,0,0,0,0,0,0,285.906638,115.699535
1171,247.891105,0.000000,0.000000,0,0,0,0,0,0,287.320851,115.906075
1172,248.871453,0.000000,0.000000,0,0,0,0,0,0,288.320851,115.851315
1173,249.657766,0.000000,0.000000,0,0,0,0,0,0,289.735065,116.052895
1174,250.449596,0.000000,0.000000,0,0,0,0,0,0,291.149278,116.250648
1175,251.246891,0.000000,0.000000,0,0,0,0,0,0,292.563492,116.444622
1176,252.230054,0.000000,0.000000,0,0,0,0,0,0,293.563492,116.387198
1177,253.033595,0.000000,0.000000,0,0,0,0,0,0,294.977705,116.576499
1178,253.842471,0.000000,0.000000,0,0,0,0,0,0,296.391919,116.762147
1179,254.656632,0.000000,0.000000,0,0,0,0,0,0,297.806133,116.944189
1180,255.476026,0.000000,0.000000,0,0,0,0,0,0,299.220346,117.122671
1181,256.462473,0.000000,0.000000,0,0,0,0,0,0,300.220346,117.062096
1182,257.287777,0.000000,0.000000,0,0,0,0,0,0,301.634560,117.236257
1183,258.118190,0.000000,0.000000,0,0,0,0,0,0,303.048773,117.406981
1184,258.953664,0.000000,0.000000,0,0,0,0,0,0,304.462987,117.574311
1185,259.942301,0.000000,0.000000,0,0,0,0,0,0,305.462987,117.511842
1186,260.783435,0.000000,0.000000,0,0,0,0,0,0,306.877200,117.675112
1187,261.629509,0.000000,0.000000,0,0,0,0,0,0,308.291414,117.835108
1188,262.619497,0.000000,0.000000,0,0,0,0,0,0,309.291414,117.771688
1189,263.471061,0.000000,0.000000,0,0,0,0,0,0,310.705627,117.927801
1190,264.327448,0.000000,0.000000,0,0,0,0,0,0,312.119841,118.080753
1191,265.188612,0.000000,0.000000,0,0,0,0,0,0,313.534055,118.230588
1192,266.180390,0.000000,0.000000,0,0,0,0,0,0,314.534055,118.165750
1193,267.046812,0.000000,0.000000,0,0,0,0,0,0,315.948268,118.311941
1194,267.917898,0.000000,0.000000,0,0,0,0,0,0,317.362482,118.455125
1195,268.793601,0.000000,0.000000,0,0,0,0,0,0,318.776695,118.595344
1196,269.673877,0.000000,0.000000,0,0,0,0,0,0,320.190909,118.732638
1197,270.667693,0.000000,0.000000,0,0,0,0,0,0,321.190909,118.666142
1198,271.552941,0.000000,0.000000,0,0,0,0,0,0,322.605122,118.800084
1199,272.442655,0.000000,0.000000,0,0,0,0,0,0,324.019336,118.931206
1200,273.336789,0.000000,0.000000,0,0,0,0,0,0,325.433550,119.059550
1201,274.235300,0.000000,0.000000,0,0,0,0,0,0,326.847763,119.185153
1202,275.230812,0.000000,0.000000,0,0,0,0,0,0,327.847763,119.117391
1203,276.134025,0.000000,0.000000,0,0,0,0,0,0,329.261977,119.239915
1204,277.041513,0.000000,0.000000,0,0,0,0,0,0,330.676190,119.359798
1205,277.953233,0.000000,0.000000,0,0,0,0,0,0,332.090404,119.477079
1206,278.869145,0.000000,0.000000,0,0,0,0,0,0,333.504617,119.591795
1207,279.866039,0.000000,0.000000,0,0,0,0,0,0,334.504617,119.523118
1208,280.786396,0.000000,0.000000,0,0,0,0,0,0,335.918831,119.635009
1209,281.710845,0.000000,0.000000,0,0,0,0,0,0,337.333044,119.744430
1210,282.639346,0.000000,0.000000,0,0,0,0,0,0,338.747258,119.851416
1211,283.637092,0.000000,0.000000,0,0,0,0,0,0,339.747258,119.782380
1212,284.569851,0.000000,0.000000,0,0,0,0,0,0,341.161472,119.886724
1213,285.506567,0.000000,0.000000,0,0,0,0,0,0,342.575685,119.988723
1214,286.447203,0.000000,0.000000,0,0,0,0,0,0,343.989899,120.088413
1215,287.445647,0.000000,0.000000,0,0,0,0,0,0,344.989899,120.019177
1216,288.390360,0.000000,0.000000,0,0,0,0,0,0,346.404112,120.116398
1217,289.338902,0.000000,0.000000,0,0,0,0,0,0,347.818326,120.211394
1218,290.291233,0.000000,0.000000,0,0,0,0,0,0,349.232539,120.304198
1219,291.247318,0.000000,0.000000,0,0,0,0,0,0,350.646753,120.394844
1220,292.246471,0.000000,0.000000,0,0,0,0,0,0,351.646753,120.325406
1221,293.206412,0.000000,0.000000,0,0,0,0,0,0,353.060967,120.413795
1222,294.170019,0.000000,0.000000,0,0,0,0,0,0,354.475180,120.500104
1223,295.137256,0.000000,0.000000,0,0,0,0,0,0,355.889394,120.584368
1224,296.108088,0.000000,0.000000,0,0,0,0,0,0,357.303607,120.666615
1225,297.107725,0.000000,0.000000,0,0,0,0,0,0,358.303607,120.597204
1226,298.082203,0.000000,0.000000,0,0,0,0,0,0,359.717821,120.677389
1227,299.060195,0.000000,0.000000,0,0,0,0,0,0,361.132034,120.755634
1228,300.041664,0.000000,0.000000,0,0,0,0,0,0,362.546248,120.831968
1229,301.026577,0.000000,0.000000,0,0,0,0,0,0,363.960461,120.906421
1230,302.026489,0.000000,0.000000,0,0,0,0,0,0,364.960461,120.837236
1231,303.014851,0.000000,0.000000,0,0,0,0,0,0,366.374675,120.909808
1232,304.006579,0.000000,0.000000,0,0,0,0,0,0,367.788889,120.980569
1233,305.001639,0.000000,0.000000,0,0,0,0,0,0,369.203102,121.049547
1234,306.000000,0.000000,0.000000,0,0,0,0,0,0,370.617316,121.116770
1235,307.000000,0.000000,0.000000,0,0,0,0,0,0,371.617316,121.047986
1236,308.001623,0.000000,0.000000,0,0,0,0,0,0,373.031529,121.113495
1237,308.006493,0.000000,0.000000,0,0,0,0,0,0,374.031529,121.436248
1238,309.006472,0.000000,0.000000,0,0,0,0,0,0,374.445743,121.177314
1239,310.014516,0.000000,0.000000,0,0,0,0,0,0,375.859956,121.239470
1240,311.025722,0.000000,0.000000,0,0,0,0,0,0,377.274170,121.299990
1241,312.040062,0.000000,0.000000,0,0,0,0,0,0,378.688384,121.358899
1242,313.057503,0.000000,0.000000,0,0,0,0,0,0,380.102597,121.416223
1243,314.057320,0.000000,0.000000,0,0,0,0,0,0,381.102597,121.348102
1244,315.077768,0.000000,0.000000,0,0,0,0,0,0,382.516811,121.403936
1245,316.101250,0.000000,0.000000,0,0,0,0,0,0,383.931024,121.458243
1246,317.127735,0.000000,0.000000,0,0,0,0,0,0,385.345238,121.511049
1247,318.157194,0.000000,0.000000,0,0,0,0,0,0,386.759451,121.562378
1248,319.189599,0.000000,0.000000,0,0,0,0,0,0,388.173665,121.612254
1249,320.189007,0.000000,0.000000,0,0,0,0,0,0,389.173665,121.544980
1250,321.224221,0.000000,0.000000,0,0,0,0,0,0,390.587878,121.593533
1251,322.262316,0.000000,0.000000,0,0,0,0,0,0,392.002092,121.640686
1252,323.303263,0.000000,0.000000,0,0,0,0,0,0,393.416306,121.686463
1253,324.347036,0.000000,0.000000,0,0,0,0,0,0,394.830519,121.730885
1254,325.345970,0.000000,0.000000,0,0,0,0,0,0,395.830519,121.664491
1255,326.392402,0.000000,0.000000,0,0,0,0,0,0,397.244733,121.707715
1256,327.441598,0.000000,0.000000,0,0,0,0,0,0,398.658946,121.749634
1257,328.493531,0.000000,0.000000,0,0,0,0,0,0,400.073160,121.790270
1258,329.548176,0.000000,0.000000,0,0,0,0,0,0,401.487373,121.829645
1259,330.605505,0.000000,0.000000,0,0,0,0,0,0,402.901587,121.867779
1260,331.665494,0.000000,0.000000,0,0,0,0,0,0,404.315801,121.904692
1261,332.663494,0.000000,0.000000,0,0,0,0,0,0,405.315801,121.839579
1262,333.725935,0.000000,0.000000,0,0,0,0,0,0,406.730014,121.875459
1263,334.790980,0.000000,0.000000,0,0,0,0,0,0,408.144228,121.910163
1264,335.858601,0.000000,0.000000,0,0,0,0,0,0,409.558441,121.943711
1265,336.928776,0.000000,0.000000,0,0,0,0,0,0,410.972655,121.976122
1266,337.926027,0.000000,0.000000,0,0,0,0,0,0,411.972655,121.912082
1267,338.998525,0.000000,0.000000,0,0,0,0,0,0,413.386868,121.943560
1268,339.076687,0.000000,0.000000,0,0,0,0,0,0,414.386868,122.210368
1269,340.154377,0.000000,0.000000,0,0,0,0,0,0,415.801082,122.238933
1270,341.234523,0.000000,0.000000,0,0,0,0,0,0,417.215295,122.266438
1271,342.230916,0.000000,0.000000,0,0,0,0,0,0,417.629509,122.031497
1272,343.313268,0.000000,0.000000,0,0,0,0,0,0,419.043723,122.058703
1273,343.402097,0.000000,0.000000,0,0,0,0,0,0,420.043723,122.318334
1274,344.489477,0.000000,0.000000,0,0,0,0,0,0,421.457936,122.342760
1275,344.583807,0.000000,0.000000,0,0,0,0,0,0,422.457936,122.599474
1276,344.681012,0.000000,0.000000,0,0,0,0,0,0,423.457936,122.855023
1277,344.781090,0.000000,0.000000,0,0,0,0,0,0,424.457936,123.109401
1278,345.878591,0.000000,0.000000,0,0,0,0,0,0,425.872150,123.127641
1279,345.984104,0.000000,0.000000,0,0,0,0,0,0,426.872150,123.379122
1280,347.086445,0.000000,0.000000,0,0,0,0,0,0,428.286363,123.394725
1281,347.197350,0.000000,0.000000,0,0,0,0,0,0,429.286363,123.643329
1282,348.304465,0.000000,0.000000,0,0,0,0,0,0,430.700577,123.656347
1283,348.420723,0.000000,0.000000,0,0,0,0,0,0,431.700577,123.902096
1284,349.532545,0.000000,0.000000,0,0,0,0,0,0,433.114790,123.912579
1285,349.654115,0.000000,0.000000,0,0,0,0,0,0,434.114790,124.155493
1286,349.778501,0.000000,0.000000,0,0,0,0,0,0,435.114790,124.397237
1287,350.897421,0.000000,0.000000,0,0,0,0,0,0,436.529004,124.403594
1288,351.027064,0.000000,0.000000,0,0,0,0,0,0,437.529004,124.642527
1289,351.159508,0.000000,0.000000,0,0,0,0,0,0,438.529004,124.880288
1290,351.294748,0.000000,0.000000,0,0,0,0,0,0,439.529004,125.116873
1291,352.423041,0.000000,0.000000,0,0,0,0,0,0,440.943218,125.117590
1292,352.563469,0.000000,0.000000,0,0,0,0,0,0,441.943218,125.351392
1293,352.706677,0.000000,0.000000,0,0,0,0,0,0,442.943218,125.584018
1294,353.841773,0.000000,0.000000,0,0,0,0,0,0,444.357431,125.580829
1295,353.990113,0.000000,0.000000,0,0,0,0,0,0,445.357431,125.810698
1296,355.129554,0.000000,0.000000,0,0,0,0,0,0,446.771645,125.805256
1297,355.282986,0.000000,0.000000,0,0,0,0,0,0,447.771645,126.032392
1298,355.439165,0.000000,0.000000,0,0,0,0,0,0,448.771645,126.258356
1299,356.585193,0.000000,0.000000,0,0,0,0,0,0,450.185858,126.249173
1300,356.746409,0.000000,0.000000,0,0,0,0,0,0,451.185858,126.472432
1301,356.910353,0.000000,0.000000,0,0,0,0,0,0,452.185858,126.694520
1302,358.062844,0.000000,0.000000,0,0,0,0,0,0,453.600072,126.681693
1303,358.231769,0.000000,0.000000,0,0,0,0,0,0,454.600072,126.901105
1304,358.403404,0.000000,0.000000,0,0,0,0,0,0,455.600072,127.119348
1305,358.577746,0.000000,0.000000,0,0,0,0,0,0,456.600072,127.336422
1306,359.738794,0.000000,0.000000,0,0,0,0,0,0,458.014285,127.318569
1307,359.918046,0.000000,0.000000,0,0,0,0,0,0,459.014285,127.533001
1308,360.099986,0.000000,0.000000,0,0,0,0,0,0,460.014285,127.746266
1309,361.267214,0.000000,0.000000,0,0,0,0,0,0,461.428499,127.724986
1310,361.454008,0.000000,0.000000,0,0,0,0,0,0,462.428499,127.935640
1311,361.643471,0.000000,0.000000,0,0,0,0,0,0,463.428499,128.145131
1312,362.816758,0.000000,0.000000,0,0,0,0,0,0,464.842712,128.120519
1313,363.011019,0.000000,0.000000,0,0,0,0,0,0,465.842712,128.327430
1314,363.207929,0.000000,0.000000,0,0,0,0,0,0,466.842712,128.533183
1315,364.387157,0.000000,0.000000,0,0,0,0,0,0,468.256926,128.505332
1316,364.588809,0.000000,0.000000,0,0,0,0,0,0,469.256926,128.708538
1317,365.771787,0.000000,0.000000,0,0,0,0,0,0,470.671140,128.678908
1318,365.978141,0.000000,0.000000,0,0,0,0,0,0,471.671140,128.879593
1319,366.187111,0.000000,0.000000,0,0,0,0,0,0,472.671140,129.079131
1320,366.398690,0.000000,0.000000,0,0,0,0,0,0,473.671140,129.277520
1321,366.612875,0.000000,0.000000,0,0,0,0,0,0,474.671140,129.474760
1322,367.805655,0.000000,0.000000,0,0,0,0,0,0,476.085353,129.439378
1323,368.024456,0.000000,0.000000,0,0,0,0,0,0,477.085353,129.634144
1324,368.245842,0.000000,0.000000,0,0,0,0,0,0,478.085353,129.827767
1325,369.444177,0.000000,0.000000,0,0,0,0,0,0,479.499567,129.789450
1326,369.670123,0.000000,0.000000,0,0,0,0,0,0,480.499567,129.980633
1327,369.898635,0.000000,0.000000,0,0,0,0,0,0,481.499567,130.170680
1328,371.102412,0.000000,0.000000,0,0,0,0,0,0,482.913780,130.129518
1329,371.335428,0.000000,0.000000,0,0,0,0,0,0,483.913780,130.317159
1330,371.570989,0.000000,0.000000,0,0,0,0,0,0,484.913780,130.503671
1331,372.780096,0.000000,0.000000,0,0,0,0,0,0,486.327994,130.459753
1332,373.020107,0.000000,0.000000,0,0,0,0,0,0,487.327994,130.643894
1333,374.232548,0.000000,0.000000,0,0,0,0,0,0,488.742207,130.598530
1334,374.476969,0.000000,0.000000,0,0,0,0,0,0,489.742207,130.780328
1335,374.723898,0.000000,0.000000,0,0,0,0,0,0,490.742207,130.961011
1336,375.941485,0.000000,0.000000,0,0,0,0,0,0,492.156421,130.913039
1337,376.192770,0.000000,0.000000,0,0,0,0,0,0,493.156421,131.091414
1338,376.446543,0.000000,0.000000,0,0,0,0,0,0,494.156421,131.268683
1339,376.702801,0.000000,0.000000,0,0,0,0,0,0,495.156421,131.444847
1340,376.961536,0.000000,0.000000,0,0,0,0,0,0,496.156421,131.619906
1341,378.187784,0.000000,0.000000,0,0,0,0,0,0,497.570635,131.567083
1342,378.450789,0.000000,0.000000,0,0,0,0,0,0,498.570635,131.739885
1343,378.716253,0.000000,0.000000,0,0,0,0,0,0,499.570635,131.911591
1344,379.947365,0.000000,0.000000,0,0,0,0,0,0,500.984848,131.856382
1345,380.217043,0.000000,0.000000,0,0,0,0,0,0,501.984848,132.025867
1346,380.489159,0.000000,0.000000,0,0,0,0,0,0,502.984848,132.194265
1347,381.725032,0.000000,0.000000,0,0,0,0,0,0,504.399062,132.136753
1348,382.001309,0.000000,0.000000,0,0,0,0,0,0,505.399062,132.302966
1349,382.280002,0.000000,0.000000,0,0,0,0,0,0,506.399062,132.468102
1350,383.520534,0.000000,0.000000,0,0,0,0,0,0,507.813275,132.408367
1351,383.803335,0.000000,0.000000,0,0,0,0,0,0,508.813275,132.571353
1352,384.088531,0.000000,0.000000,0,0,0,0,0,0,509.813275,132.733272
1353,385.333622,0.000000,0.000000,0,0,0,0,0,0,511.227489,132.671394
1354,385.622873,0.000000,0.000000,0,0,0,0,0,0,512.227489,132.831200
1355,385.914498,0.000000,0.000000,0,0,0,0,0,0,513.227489,132.989948
1356,386.208493,0.000000,0.000000,0,0,0,0,0,0,514.227489,133.147639
1357,386.504851,0.000000,0.000000,0,0,0,0,0,0,515.227489,133.304275
1358,387.757656,0.000000,0.000000,0,0,0,0,0,0,516.641702,133.238298
1359,388.057985,0.000000,0.000000,0,0,0,0,0,0,517.641702,133.392875
1360,388.360657,0.000000,0.000000,0,0,0,0,0,0,518.641702,133.546407
1361,389.617761,0.000000,0.000000,0,0,0,0,0,0,520.055916,133.478493
1362,389.924352,0.000000,0.000000,0,0,0,0,0,0,521.055916,133.630001
1363,390.233264,0.000000,0.000000,0,0,0,0,0,0,522.055916,133.780476
1364,391.494572,0.000000,0.000000,0,0,0,0,0,0,523.470129,133.710699
1365,391.807351,0.000000,0.000000,0,0,0,0,0,0,524.470129,133.859186
1366,393.071240,0.000000,0.000000,0,0,0,0,0,0,525.884343,133.788558
1367,393.387849,0.000000,0.000000,0,0,0,0,0,0,526.884343,133.935083
1368,393.706744,0.000000,0.000000,0,0,0,0,0,0,527.884343,134.080595
1369,394.974683,0.000000,0.000000,0,0,0,0,0,0,529.298557,134.008224
1370,395.297356,0.000000,0.000000,0,0,0,0,0,0,530.298557,134.151810
1371,395.622295,0.000000,0.000000,0,0,0,0,0,0,531.298557,134.294392
1372,395.949492,0.000000,0.000000,0,0,0,0,0,0,532.298557,134.435974
1373,396.278942,0.000000,0.000000,0,0,0,0,0,0,533.298557,134.576557
1374,397.553770,0.000000,0.000000,0,0,0,0,0,0,534.712770,134.500742
1375,397.886919,0.000000,0.000000,0,0,0,0,0,0,535.712770,134.639453
1376,398.222300,0.000000,0.000000,0,0,0,0,0,0,536.712770,134.777176
1377,399.500939,0.000000,0.000000,0,0,0,0,0,0,538.126984,134.699805
1378,399.839968,0.000000,0.000000,0,0,0,0,0,0,539.126984,134.835691
1379,400.181209,0.000000,0.000000,0,0,0,0,0,0,540.126984,134.970601
1380,401.463572,0.000000,0.000000,0,0,0,0,0,0,541.541197,134.891740
1381,401.808412,0.000000,0.000000,0,0,0,0,0,0,542.541197,135.024848
1382,403.093041,0.000000,0.000000,0,0,0,0,0,0,543.955411,134.945374
1383,403.441446,0.000000,0.000000,0,0,0,0,0,0,544.955411,135.076705
1384,403.792026,0.000000,0.000000,0,0,0,0,0,0,545.955411,135.207081
1385,405.080239,0.000000,0.000000,0,0,0,0,0,0,547.369624,135.126222
1386,405.434335,0.000000,0.000000,0,0,0,0,0,0,548.369624,135.254856
