Point_Index,StraightPath_Length,GyroPath_Length,GyroPath_Perc,CLR_Alpha,CLR_Gamma
0,536.134312,0.000000,0.000000,0,0
1,535.134563,0.000000,0.000000,0,0
2,534.134814,0.000000,0.000000,0,0
3,533.113496,0.000000,0.000000,0,0
4,532.113710,0.000000,0.000000,0,0
5,531.113924,0.000000,0.000000,0,0
6,530.114139,0.000000,0.000000,0,0
7,529.094510,0.000000,0.000000,0,0
8,528.094688,0.000000,0.000000,0,0
9,527.076844,0.000000,0.000000,0,0
10,526.076991,0.000000,0.000000,0,0
11,525.077137,0.000000,0.000000,0,0
12,524.061065,0.000000,0.000000,0,0
13,523.061182,0.000000,0.000000,0,0
14,522.061299,0.000000,0.000000,0,0
15,521.061417,0.000000,0.000000,0,0
16,520.047113,0.000000,0.000000,0,0
17,519.047204,0.000000,0.000000,0,0
18,518.034748,0.000000,0.000000,0,0
19,517.034815,0.000000,0.000000,0,0
20,516.024224,0.000000,0.000000,0,0
21,515.024271,0.000000,0.000000,0,0
22,514.024318,0.000000,0.000000,0,0
23,513.015594,0.000000,0.000000,0,0
24,512.015625,0.000000,0.000000,0,0
25,511.008806,0.000000,0.000000,0,0
26,510.008823,0.000000,0.000000,0,0
27,509.003929,0.000000,0.000000,0,0
28,508.000984,0.000000,0.000000,0,0
29,507.000986,0.000000,0.000000,0,0
30,506.000988,0.000000,0.000000,0,0
31,505.000000,0.000000,0.000000,0,0
32,504.000000,0.000000,0.000000,0,0
33,503.000000,0.000000,0.000000,0,0
34,502.000996,0.000000,0.000000,0,0
35,501.003992,0.000000,0.000000,0,0
36,500.004000,0.000000,0.000000,0,0
37,499.009018,0.000000,0.000000,0,0
38,498.009036,0.000000,0.000000,0,0
39,497.016096,0.000000,0.000000,0,0
40,496.016129,0.000000,0.000000,0,0
41,495.025252,0.000000,0.000000,0,0
42,494.025303,0.000000,0.000000,0,0
43,493.025354,0.000000,0.000000,0,0
44,492.025406,0.000000,0.000000,0,0
45,491.025458,0.000000,0.000000,0,0
46,490.025510,0.000000,0.000000,0,0
47,489.025562,0.000000,0.000000,0,0
48,488.025614,0.000000,0.000000,0,0
49,487.036960,0.000000,0.000000,0,0
50,486.037036,0.000000,0.000000,0,0
51,485.050513,0.000000,0.000000,0,0
52,484.050617,0.000000,0.000000,0,0
53,483.050722,0.000000,0.000000,0,0
54,482.066385,0.000000,0.000000,0,0
55,481.066523,0.000000,0.000000,0,0
56,480.066662,0.000000,0.000000,0,0
57,479.066801,0.000000,0.000000,0,0
58,478.066941,0.000000,0.000000,0,0
59,477.067081,0.000000,0.000000,0,0
60,476.067222,0.000000,0.000000,0,0
61,475.085256,0.000000,0.000000,0,0
62,474.085435,0.000000,0.000000,0,0
63,473.085616,0.000000,0.000000,0,0
64,472.105920,0.000000,0.000000,0,0
65,471.106145,0.000000,0.000000,0,0
66,470.128706,0.000000,0.000000,0,0
67,469.128980,0.000000,0.000000,0,0
68,468.129256,0.000000,0.000000,0,0
69,467.129532,0.000000,0.000000,0,0
70,466.129810,0.000000,0.000000,0,0
71,465.130089,0.000000,0.000000,0,0
72,464.130370,0.000000,0.000000,0,0
73,463.130651,0.000000,0.000000,0,0
74,462.108212,0.000000,0.000000,0,0
75,461.087844,0.000000,0.000000,0,0
76,460.069560,0.000000,0.000000,0,0
77,459.069711,0.000000,0.000000,0,0
78,458.069864,0.000000,0.000000,0,0
79,457.070017,0.000000,0.000000,0,0
80,456.070170,0.000000,0.000000,0,0
81,455.070324,0.000000,0.000000,0,0
82,454.070479,0.000000,0.000000,0,0
83,453.070635,0.000000,0.000000,0,0
84,452.070791,0.000000,0.000000,0,0
85,451.070948,0.000000,0.000000,0,0
86,450.071105,0.000000,0.000000,0,0
87,449.054562,0.000000,0.000000,0,0
88,448.054684,0.000000,0.000000,0,0
89,447.054806,0.000000,0.000000,0,0
90,446.054929,0.000000,0.000000,0,0
91,445.040448,0.000000,0.000000,0,0
92,444.040539,0.000000,0.000000,0,0
93,443.028216,0.000000,0.000000,0,0
94,442.028280,0.000000,0.000000,0,0
95,441.028344,0.000000,0.000000,0,0
96,440.028408,0.000000,0.000000,0,0
97,439.028473,0.000000,0.000000,0,0
98,438.028538,0.000000,0.000000,0,0
99,437.028603,0.000000,0.000000,0,0
100,436.028669,0.000000,0.000000,0,0
101,435.028735,0.000000,0.000000,0,0
102,434.018433,0.000000,0.000000,0,0
103,433.018475,0.000000,0.000000,0,0
104,432.010417,0.000000,0.000000,0,0
105,432.004630,0.000000,0.000000,0,0
106,431.004640,0.000000,0.000000,0,0
107,430.004651,0.000000,0.000000,0,0
108,429.004662,0.000000,0.000000,0,0
109,428.004673,0.000000,0.000000,0,0
110,427.004684,0.000000,0.000000,0,0
111,426.004695,0.000000,0.000000,0,0
112,425.004706,0.000000,0.000000,0,0
113,424.004717,0.000000,0.000000,0,0
114,423.004728,0.000000,0.000000,0,0
115,422.004739,0.000000,0.000000,0,0
116,421.004751,0.000000,0.000000,0,0
117,420.004762,0.000000,0.000000,0,0
118,419.004773,0.000000,0.000000,0,0
119,418.004785,0.000000,0.000000,0,0
120,417.004796,0.000000,0.000000,0,0
121,416.001202,0.000000,0.000000,0,0
122,415.004819,0.000000,0.000000,0,0
123,414.001208,0.000000,0.000000,0,0
124,413.000000,0.000000,0.000000,0,0
125,413.001211,0.000000,0.000000,0,0
126,412.004854,0.000000,0.000000,0,0
127,411.004866,0.000000,0.000000,0,0
128,410.001220,0.000000,0.000000,0,0
129,409.004890,0.000000,0.000000,0,0
130,408.004902,0.000000,0.000000,0,0
131,407.004914,0.000000,0.000000,0,0
132,406.004926,0.000000,0.000000,0,0
133,405.001235,0.000000,0.000000,0,0
134,404.004950,0.000000,0.000000,0,0
135,403.004963,0.000000,0.000000,0,0
136,402.004975,0.000000,0.000000,0,0
137,401.004988,0.000000,0.000000,0,0
138,400.005000,0.000000,0.000000,0,0
139,399.005012,0.000000,0.000000,0,0
140,398.005025,0.000000,0.000000,0,0
141,397.005038,0.000000,0.000000,0,0
142,396.005050,0.000000,0.000000,0,0
143,395.005063,0.000000,0.000000,0,0
144,394.005076,0.000000,0.000000,0,0
145,393.005089,0.000000,0.000000,0,0
146,392.005102,0.000000,0.000000,0,0
147,391.005115,0.000000,0.000000,0,0
148,390.005128,0.000000,0.000000,0,0
149,389.011568,0.000000,0.000000,0,0
150,388.011598,0.000000,0.000000,0,0
151,387.020671,0.000000,0.000000,0,0
152,387.032298,0.000000,0.000000,0,0
153,386.032382,0.000000,0.000000,0,0
154,385.032466,0.000000,0.000000,0,0
155,384.032551,0.000000,0.000000,0,0
156,383.032636,0.000000,0.000000,0,0
157,382.032721,0.000000,0.000000,0,0
158,381.032807,0.000000,0.000000,0,0
159,380.032893,0.000000,0.000000,0,0
160,379.032980,0.000000,0.000000,0,0
161,378.033067,0.000000,0.000000,0,0
162,377.033155,0.000000,0.000000,0,0
163,376.033243,0.000000,0.000000,0,0
164,375.033332,0.000000,0.000000,0,0
165,374.033421,0.000000,0.000000,0,0
166,373.033511,0.000000,0.000000,0,0
167,372.033601,0.000000,0.000000,0,0
168,371.048514,0.000000,0.000000,0,0
169,370.066210,0.000000,0.000000,0,0
170,369.066390,0.000000,0.000000,0,0
171,368.066570,0.000000,0.000000,0,0
172,367.066751,0.000000,0.000000,0,0
173,366.066934,0.000000,0.000000,0,0
174,365.067117,0.000000,0.000000,0,0
175,364.067301,0.000000,0.000000,0,0
176,363.067487,0.000000,0.000000,0,0
177,362.067673,0.000000,0.000000,0,0
178,361.067861,0.000000,0.000000,0,0
179,360.068049,0.000000,0.000000,0,0
180,359.068239,0.000000,0.000000,0,0
181,358.068429,0.000000,0.000000,0,0
182,357.068621,0.000000,0.000000,0,0
183,356.089876,0.000000,0.000000,0,0
184,355.114066,0.000000,0.000000,0,0
185,355.140817,0.000000,0.000000,0,0
186,354.141215,0.000000,0.000000,0,0
187,353.141615,0.000000,0.000000,0,0
188,352.142017,0.000000,0.000000,0,0
189,351.115366,0.000000,0.000000,0,0
190,350.115695,0.000000,0.000000,0,0
191,349.116027,0.000000,0.000000,0,0
192,348.116360,0.000000,0.000000,0,0
193,347.116695,0.000000,0.000000,0,0
194,346.117032,0.000000,0.000000,0,0
195,345.117371,0.000000,0.000000,0,0
196,344.117712,0.000000,0.000000,0,0
197,343.118055,0.000000,0.000000,0,0
198,342.146168,0.000000,0.000000,0,0
199,341.146596,0.000000,0.000000,0,0
200,340.147027,0.000000,0.000000,0,0
201,339.178419,0.000000,0.000000,0,0
202,338.178947,0.000000,0.000000,0,0
203,337.179477,0.000000,0.000000,0,0
204,336.214217,0.000000,0.000000,0,0
205,335.214856,0.000000,0.000000,0,0
206,334.215499,0.000000,0.000000,0,0
207,333.253657,0.000000,0.000000,0,0
208,333.294164,0.000000,0.000000,0,0
209,332.338683,0.000000,0.000000,0,0
210,331.339705,0.000000,0.000000,0,0
211,330.340733,0.000000,0.000000,0,0
212,329.388828,0.000000,0.000000,0,0
213,328.390012,0.000000,0.000000,0,0
214,327.391203,0.000000,0.000000,0,0
215,326.392402,0.000000,0.000000,0,0
216,325.393608,0.000000,0.000000,0,0
217,324.445681,0.000000,0.000000,0,0
218,323.447059,0.000000,0.000000,0,0
219,322.448445,0.000000,0.000000,0,0
220,321.449841,0.000000,0.000000,0,0
221,320.451244,0.000000,0.000000,0,0
222,319.452657,0.000000,0.000000,0,0
223,318.454078,0.000000,0.000000,0,0
224,317.510630,0.000000,0.000000,0,0
225,316.512243,0.000000,0.000000,0,0
226,315.513867,0.000000,0.000000,0,0
227,314.515500,0.000000,0.000000,0,0
228,313.576147,0.000000,0.000000,0,0
229,312.577990,0.000000,0.000000,0,0
230,311.642423,0.000000,0.000000,0,0
231,310.644491,0.000000,0.000000,0,0
232,309.646573,0.000000,0.000000,0,0
233,308.648668,0.000000,0.000000,0,0
234,307.650776,0.000000,0.000000,0,0
235,306.652898,0.000000,0.000000,0,0
236,305.655034,0.000000,0.000000,0,0
237,304.657184,0.000000,0.000000,0,0
238,303.659349,0.000000,0.000000,0,0
239,302.661527,0.000000,0.000000,0,0
240,301.663720,0.000000,0.000000,0,0
241,300.665928,0.000000,0.000000,0,0
242,299.736551,0.000000,0.000000,0,0
243,298.739017,0.000000,0.000000,0,0
244,297.813700,0.000000,0.000000,0,0
245,296.892236,0.000000,0.000000,0,0
246,295.895252,0.000000,0.000000,0,0
247,294.898288,0.000000,0.000000,0,0
248,293.901344,0.000000,0.000000,0,0
249,292.984641,0.000000,0.000000,0,0
250,291.988013,0.000000,0.000000,0,0
251,290.991409,0.000000,0.000000,0,0
252,290.079300,0.000000,0.000000,0,0
253,289.083033,0.000000,0.000000,0,0
254,288.175294,0.000000,0.000000,0,0
255,288.267237,0.000000,0.000000,0,0
256,287.367361,0.000000,0.000000,0,0
257,287.466520,0.000000,0.000000,0,0
258,286.471639,0.000000,0.000000,0,0
259,285.476794,0.000000,0.000000,0,0
260,284.481985,0.000000,0.000000,0,0
261,283.487213,0.000000,0.000000,0,0
262,282.492478,0.000000,0.000000,0,0
263,281.497780,0.000000,0.000000,0,0
264,280.503119,0.000000,0.000000,0,0
265,279.614020,0.000000,0.000000,0,0
266,278.513913,0.000000,0.000000,0,0
267,277.625647,0.000000,0.000000,0,0
268,276.631524,0.000000,0.000000,0,0
269,275.637443,0.000000,0.000000,0,0
270,274.754436,0.000000,0.000000,0,0
271,273.760845,0.000000,0.000000,0,0
272,272.767300,0.000000,0.000000,0,0
273,271.773803,0.000000,0.000000,0,0
274,270.896659,0.000000,0.000000,0,0
275,269.903687,0.000000,0.000000,0,0
276,269.031597,0.000000,0.000000,0,0
277,268.164129,0.000000,0.000000,0,0
278,267.301328,0.000000,0.000000,0,0
279,266.309970,0.000000,0.000000,0,0
280,265.452444,0.000000,0.000000,0,0
281,264.461717,0.000000,0.000000,0,0
282,263.471061,0.000000,0.000000,0,0
283,262.480475,0.000000,0.000000,0,0
284,261.489962,0.000000,0.000000,0,0
285,260.499520,0.000000,0.000000,0,0
286,259.509152,0.000000,0.000000,0,0
287,258.518858,0.000000,0.000000,0,0
288,257.670332,0.000000,0.000000,0,0
289,256.680736,0.000000,0.000000,0,0
290,255.691220,0.000000,0.000000,0,0
291,254.701786,0.000000,0.000000,0,0
292,253.712436,0.000000,0.000000,0,0
293,252.723169,0.000000,0.000000,0,0
294,251.733987,0.000000,0.000000,0,0
295,250.894400,0.000000,0.000000,0,0
296,249.905982,0.000000,0.000000,0,0
297,248.917657,0.000000,0.000000,0,0
298,247.929425,0.000000,0.000000,0,0
299,247.097147,0.000000,0.000000,0,0
300,246.270177,0.000000,0.000000,0,0
301,246.434575,0.000000,0.000000,0,0
302,245.617589,0.000000,0.000000,0,0
303,244.632377,0.000000,0.000000,0,0
304,243.647286,0.000000,0.000000,0,0
305,242.662317,0.000000,0.000000,0,0
306,241.677471,0.000000,0.000000,0,0
307,240.692750,0.000000,0.000000,0,0
308,239.708156,0.000000,0.000000,0,0
309,238.723690,0.000000,0.000000,0,0
310,237.739353,0.000000,0.000000,0,0
311,236.755148,0.000000,0.000000,0,0
312,235.951266,0.000000,0.000000,0,0
313,234.968083,0.000000,0.000000,0,0
314,233.985042,0.000000,0.000000,0,0
315,233.002146,0.000000,0.000000,0,0
316,232.019396,0.000000,0.000000,0,0
317,231.224999,0.000000,0.000000,0,0
318,230.436542,0.000000,0.000000,0,0
319,229.455878,0.000000,0.000000,0,0
320,228.475382,0.000000,0.000000,0,0
321,227.495055,0.000000,0.000000,0,0
322,226.514900,0.000000,0.000000,0,0
323,225.534920,0.000000,0.000000,0,0
324,224.555116,0.000000,0.000000,0,0
325,223.575491,0.000000,0.000000,0,0
326,222.596047,0.000000,0.000000,0,0
327,221.822001,0.000000,0.000000,0,0
328,221.054292,0.000000,0.000000,0,0
329,220.292987,0.000000,0.000000,0,0
330,219.317122,0.000000,0.000000,0,0
331,218.341476,0.000000,0.000000,0,0
332,217.366051,0.000000,0.000000,0,0
333,216.390850,0.000000,0.000000,0,0
334,215.415877,0.000000,0.000000,0,0
335,214.441134,0.000000,0.000000,0,0
336,213.466625,0.000000,0.000000,0,0
337,212.492353,0.000000,0.000000,0,0
338,211.518321,0.000000,0.000000,0,0
339,210.544532,0.000000,0.000000,0,0
340,209.570990,0.000000,0.000000,0,0
341,208.597699,0.000000,0.000000,0,0
342,207.624661,0.000000,0.000000,0,0
343,206.651881,0.000000,0.000000,0,0
344,205.679362,0.000000,0.000000,0,0
345,204.943895,0.000000,0.000000,0,0
346,203.973037,0.000000,0.000000,0,0
347,203.002463,0.000000,0.000000,0,0
348,202.277038,0.000000,0.000000,0,0
349,201.558924,0.000000,0.000000,0,0
350,200.591625,0.000000,0.000000,0,0
351,199.882465,0.000000,0.000000,0,0
352,198.917068,0.000000,0.000000,0,0
353,197.952014,0.000000,0.000000,0,0
354,196.987309,0.000000,0.000000,0,0
355,196.022958,0.000000,0.000000,0,0
356,195.058965,0.000000,0.000000,0,0
357,194.095337,0.000000,0.000000,0,0
358,193.132079,0.000000,0.000000,0,0
359,192.169196,0.000000,0.000000,0,0
360,191.481070,0.000000,0.000000,0,0
361,190.520340,0.000000,0.000000,0,0
362,189.560017,0.000000,0.000000,0,0
363,188.883562,0.000000,0.000000,0,0
364,187.925517,0.000000,0.000000,0,0
365,186.967912,0.000000,0.000000,0,0
366,186.010752,0.000000,0.000000,0,0
367,185.054046,0.000000,0.000000,0,0
368,184.393601,0.000000,0.000000,0,0
369,183.741666,0.000000,0.000000,0,0
370,184.048907,0.000000,0.000000,0,0
371,183.412104,0.000000,0.000000,0,0
372,182.463695,0.000000,0.000000,0,0
373,181.515840,0.000000,0.000000,0,0
374,180.568547,0.000000,0.000000,0,0
375,179.947214,0.000000,0.000000,0,0
376,179.002793,0.000000,0.000000,0,0
377,178.058979,0.000000,0.000000,0,0
378,177.115781,0.000000,0.000000,0,0
379,176.173210,0.000000,0.000000,0,0
380,175.231276,0.000000,0.000000,0,0
381,174.289988,0.000000,0.000000,0,0
382,173.349358,0.000000,0.000000,0,0
383,172.754161,0.000000,0.000000,0,0
384,171.816763,0.000000,0.000000,0,0
385,170.880075,0.000000,0.000000,0,0
386,169.944108,0.000000,0.000000,0,0
387,169.366467,0.000000,0.000000,0,0
388,169.729196,0.000000,0.000000,0,0
389,168.798697,0.000000,0.000000,0,0
390,167.868997,0.000000,0.000000,0,0
391,166.940109,0.000000,0.000000,0,0
392,166.012048,0.000000,0.000000,0,0
393,165.084827,0.000000,0.000000,0,0
394,164.158460,0.000000,0.000000,0,0
395,162.855764,0.000000,0.000000,0,0
396,161.928997,0.000000,0.000000,0,0
397,161.003106,0.000000,0.000000,0,0
398,160.078106,0.000000,0.000000,0,0
399,159.154013,0.000000,0.000000,0,0
400,158.230844,0.000000,0.000000,0,0
401,157.308614,0.000000,0.000000,0,0
402,156.387340,0.000000,0.000000,0,0
403,155.467038,0.000000,0.000000,0,0
404,154.945152,0.000000,0.000000,0,0
405,154.029218,0.000000,0.000000,0,0
406,153.114336,0.000000,0.000000,0,0
407,152.610616,0.000000,0.000000,0,0
408,152.118375,0.000000,0.000000,0,0
409,152.541798,0.000000,0.000000,0,0
410,151.637726,0.000000,0.000000,0,0
411,150.734867,0.000000,0.000000,0,0
412,149.833241,0.000000,0.000000,0,0
413,148.499158,0.000000,0.000000,0,0
414,147.597425,0.000000,0.000000,0,0
415,146.696967,0.000000,0.000000,0,0
416,145.797805,0.000000,0.000000,0,0
417,144.899965,0.000000,0.000000,0,0
418,144.003472,0.000000,0.000000,0,0
419,143.108351,0.000000,0.000000,0,0
420,142.214627,0.000000,0.000000,0,0
421,141.322327,0.000000,0.000000,0,0
422,140.431478,0.000000,0.000000,0,0
423,140.003571,0.000000,0.000000,0,0
424,139.118654,0.000000,0.000000,0,0
425,138.235307,0.000000,0.000000,0,0
426,137.353558,0.000000,0.000000,0,0
427,136.952547,0.000000,0.000000,0,0
428,136.077184,0.000000,0.000000,0,0
429,135.203550,0.000000,0.000000,0,0
430,134.825814,0.000000,0.000000,0,0
431,133.958949,0.000000,0.000000,0,0
432,133.093952,0.000000,0.000000,0,0
433,132.230859,0.000000,0.000000,0,0
434,131.369707,0.000000,0.000000,0,0
435,130.510536,0.000000,0.000000,0,0
436,129.653384,0.000000,0.000000,0,0
437,128.798292,0.000000,0.000000,0,0
438,128.471787,0.000000,0.000000,0,0
439,129.003876,0.000000,0.000000,0,0
440,128.701204,0.000000,0.000000,0,0
441,127.863208,0.000000,0.000000,0,0
442,127.027556,0.000000,0.000000,0,0
443,126.194295,0.000000,0.000000,0,0
444,125.363472,0.000000,0.000000,0,0
445,124.535136,0.000000,0.000000,0,0
446,123.709337,0.000000,0.000000,0,0
447,122.886126,0.000000,0.000000,0,0
448,122.065556,0.000000,0.000000,0,0
449,121.247680,0.000000,0.000000,0,0
450,121.016528,0.000000,0.000000,0,0
451,120.208153,0.000000,0.000000,0,0
452,119.402680,0.000000,0.000000,0,0
453,119.201510,0.000000,0.000000,0,0
454,118.406081,0.000000,0.000000,0,0
455,117.613775,0.000000,0.000000,0,0
456,117.443603,0.000000,0.000000,0,0
457,117.290238,0.000000,0.000000,0,0
458,117.153745,0.000000,0.000000,0,0
459,117.034183,0.000000,0.000000,0,0
460,116.275535,0.000000,0.000000,0,0
461,115.520561,0.000000,0.000000,0,0
462,115.433964,0.000000,0.000000,0,0
463,114.690889,0.000000,0.000000,0,0
464,113.951744,0.000000,0.000000,0,0
465,113.216607,0.000000,0.000000,0,0
466,112.485555,0.000000,0.000000,0,0
467,112.449989,0.000000,0.000000,0,0
468,111.731822,0.000000,0.000000,0,0
469,111.018017,0.000000,0.000000,0,0
470,110.308658,0.000000,0.000000,0,0
471,109.603832,0.000000,0.000000,0,0
472,108.903627,0.000000,0.000000,0,0
473,108.931171,0.000000,0.000000,0,0
474,108.245092,0.000000,0.000000,0,0
475,107.563934,0.000000,0.000000,0,0
476,106.887792,0.000000,0.000000,0,0
477,106.216760,0.000000,0.000000,0,0
478,105.550936,0.000000,0.000000,0,0
479,105.645634,0.000000,0.000000,0,0
480,106.404887,0.000000,0.000000,0,0
481,107.168092,0.000000,0.000000,0,0
482,106.526992,0.000000,0.000000,0,0
483,105.891454,0.000000,0.000000,0,0
484,105.261579,0.000000,0.000000,0,0
485,105.422958,0.000000,0.000000,0,0
486,104.809351,0.000000,0.000000,0,0
487,104.201727,0.000000,0.000000,0,0
488,103.600193,0.000000,0.000000,0,0
489,103.004854,0.000000,0.000000,0,0
490,102.415819,0.000000,0.000000,0,0
491,101.833197,0.000000,0.000000,0,0
492,101.257099,0.000000,0.000000,0,0
493,100.687636,0.000000,0.000000,0,0
494,100.124922,0.000000,0.000000,0,0
495,99.569072,0.000000,0.000000,0,0
496,99.020200,0.000000,0.000000,0,0
497,98.478424,0.000000,0.000000,0,0
498,97.943861,0.000000,0.000000,0,0
499,97.416631,0.000000,0.000000,0,0
500,96.896852,0.000000,0.000000,0,0
501,96.384646,0.000000,0.000000,0,0
502,95.880134,0.000000,0.000000,0,0
503,95.383437,0.000000,0.000000,0,0
504,95.770559,0.000000,0.000000,0,0
505,95.294281,0.000000,0.000000,0,0
506,94.826157,0.000000,0.000000,0,0
507,95.257546,0.000000,0.000000,0,0
508,96.150923,0.000000,0.000000,0,0
509,95.707889,0.000000,0.000000,0,0
510,95.273291,0.000000,0.000000,0,0
511,94.847246,0.000000,0.000000,0,0
512,94.429868,0.000000,0.000000,0,0
513,94.021274,0.000000,0.000000,0,0
514,93.621579,0.000000,0.000000,0,0
515,93.230896,0.000000,0.000000,0,0
516,92.849340,0.000000,0.000000,0,0
517,91.547802,0.000000,0.000000,0,0
518,91.181138,0.000000,0.000000,0,0
519,90.824006,0.000000,0.000000,0,0
520,90.476516,0.000000,0.000000,0,0
521,90.138782,0.000000,0.000000,0,0
522,89.810912,0.000000,0.000000,0,0
523,89.493016,0.000000,0.000000,0,0
524,89.185201,0.000000,0.000000,0,0
525,88.887569,0.000000,0.000000,0,0
526,88.600226,0.000000,0.000000,0,0
527,88.323270,0.000000,0.000000,0,0
528,89.022469,0.000000,0.000000,0,0
529,89.738509,0.000000,0.000000,0,0
530,90.708324,0.000000,0.000000,0,0
531,90.470990,0.000000,0.000000,0,0
532,90.244113,0.000000,0.000000,0,0
533,90.027773,0.000000,0.000000,0,0
534,89.822046,0.000000,0.000000,0,0
535,89.627005,0.000000,0.000000,0,0
536,89.442719,0.000000,0.000000,0,0
537,89.269256,0.000000,0.000000,0,0
538,89.106678,0.000000,0.000000,0,0
539,88.955045,0.000000,0.000000,0,0
540,88.814413,0.000000,0.000000,0,0
541,88.684835,0.000000,0.000000,0,0
542,88.566359,0.000000,0.000000,0,0
543,88.459030,0.000000,0.000000,0,0
544,88.362888,0.000000,0.000000,0,0
545,88.277970,0.000000,0.000000,0,0
546,88.204308,0.000000,0.000000,0,0
547,89.140339,0.000000,0.000000,0,0
548,89.089842,0.000000,0.000000,0,0
549,89.050547,0.000000,0.000000,0,0
550,89.022469,0.000000,0.000000,0,0
551,89.005618,0.000000,0.000000,0,0
552,89.000000,0.000000,0.000000,0,0
553,89.005618,0.000000,0.000000,0,0
554,89.022469,0.000000,0.000000,0,0
555,89.050547,0.000000,0.000000,0,0
556,88.090862,0.000000,0.000000,0,0
557,88.141931,0.000000,0.000000,0,0
558,88.204308,0.000000,0.000000,0,0
559,88.277970,0.000000,0.000000,0,0
560,88.362888,0.000000,0.000000,0,0
561,88.459030,0.000000,0.000000,0,0
562,88.566359,0.000000,0.000000,0,0
563,88.684835,0.000000,0.000000,0,0
564,88.814413,0.000000,0.000000,0,0
565,88.955045,0.000000,0.000000,0,0
566,89.106678,0.000000,0.000000,0,0
567,89.269256,0.000000,0.000000,0,0
568,89.442719,0.000000,0.000000,0,0
569,90.609050,0.000000,0.000000,0,0
570,91.591484,0.000000,0.000000,0,0
571,91.782351,0.000000,0.000000,0,0
572,92.962358,0.000000,0.000000,0,0
573,93.171884,0.000000,0.000000,0,0
574,92.417531,0.000000,0.000000,0,0
575,92.649879,0.000000,0.000000,0,0
576,92.892411,0.000000,0.000000,0,0
577,93.145048,0.000000,0.000000,0,0
578,93.407708,0.000000,0.000000,0,0
579,93.680307,0.000000,0.000000,0,0
580,93.962759,0.000000,0.000000,0,0
581,94.254973,0.000000,0.000000,0,0
582,94.556861,0.000000,0.000000,0,0
583,94.868330,0.000000,0.000000,0,0
584,95.189285,0.000000,0.000000,0,0
585,95.519631,0.000000,0.000000,0,0
586,95.859272,0.000000,0.000000,0,0
587,96.208108,0.000000,0.000000,0,0
588,96.566040,0.000000,0.000000,0,0
589,96.932967,0.000000,0.000000,0,0
590,97.308787,0.000000,0.000000,0,0
591,98.615415,0.000000,0.000000,0,0
592,99.005050,0.000000,0.000000,0,0
593,99.403219,0.000000,0.000000,0,0
594,99.809819,0.000000,0.000000,0,0
595,100.224747,0.000000,0.000000,0,0
596,100.647901,0.000000,0.000000,0,0
597,101.079177,0.000000,0.000000,0,0
598,101.518471,0.000000,0.000000,0,0
599,101.965681,0.000000,0.000000,0,0
600,102.420701,0.000000,0.000000,0,0
601,102.883429,0.000000,0.000000,0,0
602,102.474387,0.000000,0.000000,0,0
603,102.956301,0.000000,0.000000,0,0
604,103.445638,0.000000,0.000000,0,0
605,103.942292,0.000000,0.000000,0,0
606,104.446158,0.000000,0.000000,0,0
607,104.957134,0.000000,0.000000,0,0
608,105.475116,0.000000,0.000000,0,0
609,106.000000,0.000000,0.000000,0,0
610,106.531685,0.000000,0.000000,0,0
611,107.070071,0.000000,0.000000,0,0
612,107.615055,0.000000,0.000000,0,0
613,108.166538,0.000000,0.000000,0,0
614,108.724422,0.000000,0.000000,0,0
615,109.288609,0.000000,0.000000,0,0
616,109.859001,0.000000,0.000000,0,0
617,110.435502,0.000000,0.000000,0,0
618,111.018017,0.000000,0.000000,0,0
619,112.414412,0.000000,0.000000,0,0
620,113.004425,0.000000,0.000000,0,0
621,113.600176,0.000000,0.000000,0,0
622,114.201576,0.000000,0.000000,0,0
623,114.808536,0.000000,0.000000,0,0
624,114.634201,0.000000,0.000000,0,0
625,115.256236,0.000000,0.000000,0,0
626,115.883562,0.000000,0.000000,0,0
627,116.516093,0.000000,0.000000,0,0
628,117.153745,0.000000,0.000000,0,0
629,117.796435,0.000000,0.000000,0,0
630,118.444080,0.000000,0.000000,0,0
631,118.342723,0.000000,0.000000,0,0
632,119.004202,0.000000,0.000000,0,0
633,119.670381,0.000000,0.000000,0,0
634,120.341182,0.000000,0.000000,0,0
635,120.283000,0.000000,0.000000,0,0
636,120.966938,0.000000,0.000000,0,0
637,121.655251,0.000000,0.000000,0,0
638,122.347865,0.000000,0.000000,0,0
639,123.044707,0.000000,0.000000,0,0
640,123.745707,0.000000,0.000000,0,0
641,124.450793,0.000000,0.000000,0,0
642,125.159898,0.000000,0.000000,0,0
643,125.872952,0.000000,0.000000,0,0
644,127.287077,0.000000,0.000000,0,0
645,128.701204,0.000000,0.000000,0,0
646,129.417928,0.000000,0.000000,0,0
647,130.138388,0.000000,0.000000,0,0
648,130.862523,0.000000,0.000000,0,0
649,130.908365,0.000000,0.000000,0,0
650,131.643458,0.000000,0.000000,0,0
651,132.382023,0.000000,0.000000,0,0
652,133.124002,0.000000,0.000000,0,0
653,133.869339,0.000000,0.000000,0,0
654,134.617978,0.000000,0.000000,0,0
655,134.714513,0.000000,0.000000,0,0
656,135.473245,0.000000,0.000000,0,0
657,136.235091,0.000000,0.000000,0,0
658,137.000000,0.000000,0.000000,0,0
659,137.767921,0.000000,0.000000,0,0
660,138.538803,0.000000,0.000000,0,0
661,139.312598,0.000000,0.000000,0,0
662,140.089257,0.000000,0.000000,0,0
663,140.868733,0.000000,0.000000,0,0
664,141.650980,0.000000,0.000000,0,0
665,142.435951,0.000000,0.000000,0,0
666,143.223601,0.000000,0.000000,0,0
667,144.013888,0.000000,0.000000,0,0
668,144.806768,0.000000,0.000000,0,0
669,145.602198,0.000000,0.000000,0,0
670,147.003401,0.000000,0.000000,0,0
671,147.610975,0.000000,0.000000,0,0
672,149.013422,0.000000,0.000000,0,0
673,149.806542,0.000000,0.000000,0,0
674,150.000000,0.000000,0.000000,0,0
675,150.801194,0.000000,0.000000,0,0
676,151.604749,0.000000,0.000000,0,0
677,152.410630,0.000000,0.000000,0,0
678,153.218798,0.000000,0.000000,0,0
679,154.029218,0.000000,0.000000,0,0
680,154.841855,0.000000,0.000000,0,0
681,155.656673,0.000000,0.000000,0,0
682,155.900609,0.000000,0.000000,0,0
683,156.722685,0.000000,0.000000,0,0
684,157.546818,0.000000,0.000000,0,0
685,158.372977,0.000000,0.000000,0,0
686,159.201131,0.000000,0.000000,0,0
687,160.031247,0.000000,0.000000,0,0
688,160.863296,0.000000,0.000000,0,0
689,161.697248,0.000000,0.000000,0,0
690,162.533074,0.000000,0.000000,0,0
691,163.370744,0.000000,0.000000,0,0
692,164.210231,0.000000,0.000000,0,0
693,165.592874,0.000000,0.000000,0,0
694,166.433170,0.000000,0.000000,0,0
695,167.275222,0.000000,0.000000,0,0
696,168.119005,0.000000,0.000000,0,0
697,168.964493,0.000000,0.000000,0,0
698,169.811660,0.000000,0.000000,0,0
699,170.660482,0.000000,0.000000,0,0
700,170.988304,0.000000,0.000000,0,0
701,171.842952,0.000000,0.000000,0,0
702,172.699160,0.000000,0.000000,0,0
703,173.556907,0.000000,0.000000,0,0
704,173.908022,0.000000,0.000000,0,0
705,174.771279,0.000000,0.000000,0,0
706,175.635987,0.000000,0.000000,0,0
707,176.502125,0.000000,0.000000,0,0
708,177.369670,0.000000,0.000000,0,0
709,178.238604,0.000000,0.000000,0,0
710,179.108905,0.000000,0.000000,0,0
711,179.980555,0.000000,0.000000,0,0
712,180.853532,0.000000,0.000000,0,0
713,181.727818,0.000000,0.000000,0,0
714,182.603395,0.000000,0.000000,0,0
715,183.480244,0.000000,0.000000,0,0
716,183.883115,0.000000,0.000000,0,0
717,184.764715,0.000000,0.000000,0,0
718,185.647515,0.000000,0.000000,0,0
719,186.531499,0.000000,0.000000,0,0
720,187.416648,0.000000,0.000000,0,0
721,188.302947,0.000000,0.000000,0,0
722,189.190380,0.000000,0.000000,0,0
723,190.538710,0.000000,0.000000,0,0
724,191.426226,0.000000,0.000000,0,0
725,192.314846,0.000000,0.000000,0,0
726,193.204555,0.000000,0.000000,0,0
727,194.095337,0.000000,0.000000,0,0
728,194.987179,0.000000,0.000000,0,0
729,195.880065,0.000000,0.000000,0,0
730,196.773982,0.000000,0.000000,0,0
731,197.225759,0.000000,0.000000,0,0
732,198.123699,0.000000,0.000000,0,0
733,199.022612,0.000000,0.000000,0,0
734,199.922485,0.000000,0.000000,0,0
735,200.392116,0.000000,0.000000,0,0
736,201.295802,0.000000,0.000000,0,0
737,202.200396,0.000000,0.000000,0,0
738,203.105884,0.000000,0.000000,0,0
739,203.592731,0.000000,0.000000,0,0
740,204.501834,0.000000,0.000000,0,0
741,205.411782,0.000000,0.000000,0,0
742,206.322563,0.000000,0.000000,0,0
743,207.234167,0.000000,0.000000,0,0
744,208.146583,0.000000,0.000000,0,0
745,208.655218,0.000000,0.000000,0,0
746,209.570990,0.000000,0.000000,0,0
747,210.487529,0.000000,0.000000,0,0
748,211.009478,0.000000,0.000000,0,0
749,211.929233,0.000000,0.000000,0,0
750,212.461761,0.000000,0.000000,0,0
751,213.384629,0.000000,0.000000,0,0
752,214.308189,0.000000,0.000000,0,0
753,215.232433,0.000000,0.000000,0,0
754,216.157350,0.000000,0.000000,0,0
755,217.082933,0.000000,0.000000,0,0
756,218.009174,0.000000,0.000000,0,0
757,218.936064,0.000000,0.000000,0,0
758,219.863594,0.000000,0.000000,0,0
759,220.791757,0.000000,0.000000,0,0
760,221.720545,0.000000,0.000000,0,0
761,222.649949,0.000000,0.000000,0,0
762,223.215143,0.000000,0.000000,0,0
763,224.147273,0.000000,0.000000,0,0
764,224.722051,0.000000,0.000000,0,0
765,225.656819,0.000000,0.000000,0,0
766,226.592145,0.000000,0.000000,0,0
767,227.528020,0.000000,0.000000,0,0
768,228.116198,0.000000,0.000000,0,0
769,229.054579,0.000000,0.000000,0,0
770,229.993478,0.000000,0.000000,0,0
771,230.932891,0.000000,0.000000,0,0
772,231.872810,0.000000,0.000000,0,0
773,232.813230,0.000000,0.000000,0,0
774,233.754144,0.000000,0.000000,0,0
775,234.695547,0.000000,0.000000,0,0
776,235.304059,0.000000,0.000000,0,0
777,236.247751,0.000000,0.000000,0,0
778,237.191905,0.000000,0.000000,0,0
779,238.136515,0.000000,0.000000,0,0
780,238.757199,0.000000,0.000000,0,0
781,239.703984,0.000000,0.000000,0,0
782,240.651200,0.000000,0.000000,0,0
783,241.281993,0.000000,0.000000,0,0
784,242.231294,0.000000,0.000000,0,0
785,243.181003,0.000000,0.000000,0,0
786,244.131112,0.000000,0.000000,0,0
787,245.081619,0.000000,0.000000,0,0
788,246.032518,0.000000,0.000000,0,0
789,246.983805,0.000000,0.000000,0,0
790,247.935475,0.000000,0.000000,0,0
791,248.887525,0.000000,0.000000,0,0
792,249.839949,0.000000,0.000000,0,0
793,250.792743,0.000000,0.000000,0,0
794,251.745904,0.000000,0.000000,0,0
795,252.400475,0.000000,0.000000,0,0
796,253.355481,0.000000,0.000000,0,0
797,254.310833,0.000000,0.000000,0,0
798,254.974509,0.000000,0.000000,0,0
799,255.931631,0.000000,0.000000,0,0
800,256.602806,0.000000,0.000000,0,0
801,257.561643,0.000000,0.000000,0,0
802,258.520792,0.000000,0.000000,0,0
803,259.480250,0.000000,0.000000,0,0
804,260.161488,0.000000,0.000000,0,0
805,261.122577,0.000000,0.000000,0,0
806,262.083956,0.000000,0.000000,0,0
807,263.045623,0.000000,0.000000,0,0
808,263.736611,0.000000,0.000000,0,0
809,264.699830,0.000000,0.000000,0,0
810,265.663321,0.000000,0.000000,0,0
811,266.627080,0.000000,0.000000,0,0
812,267.591106,0.000000,0.000000,0,0
813,268.821502,0.000000,0.000000,0,0
814,269.785100,0.000000,0.000000,0,0
815,270.748961,0.000000,0.000000,0,0
816,271.449811,0.000000,0.000000,0,0
817,272.415124,0.000000,0.000000,0,0
818,273.122683,0.000000,0.000000,0,0
819,274.089401,0.000000,0.000000,0,0
820,275.056358,0.000000,0.000000,0,0
821,275.771645,0.000000,0.000000,0,0
822,276.739950,0.000000,0.000000,0,0
823,277.708480,0.000000,0.000000,0,0
824,278.677233,0.000000,0.000000,0,0
825,279.401145,0.000000,0.000000,0,0
826,280.371183,0.000000,0.000000,0,0
827,281.341430,0.000000,0.000000,0,0
828,282.072686,0.000000,0.000000,0,0
829,283.044166,0.000000,0.000000,0,0
830,284.015845,0.000000,0.000000,0,0
831,284.987719,0.000000,0.000000,0,0
832,285.727143,0.000000,0.000000,0,0
833,286.700192,0.000000,0.000000,0,0
834,287.673426,0.000000,0.000000,0,0
835,288.646843,0.000000,0.000000,0,0
836,289.620441,0.000000,0.000000,0,0
837,290.368731,0.000000,0.000000,0,0
838,291.343440,0.000000,0.000000,0,0
839,292.318320,0.000000,0.000000,0,0
840,293.293368,0.000000,0.000000,0,0
841,294.268585,0.000000,0.000000,0,0
842,295.243967,0.000000,0.000000,0,0
843,296.001689,0.000000,0.000000,0,0
844,296.978114,0.000000,0.000000,0,0
845,297.954695,0.000000,0.000000,0,0
846,298.718931,0.000000,0.000000,0,0
847,299.696513,0.000000,0.000000,0,0
848,300.674242,0.000000,0.000000,0,0
849,301.444854,0.000000,0.000000,0,0
850,302.423544,0.000000,0.000000,0,0
851,303.199604,0.000000,0.000000,0,0
852,304.179223,0.000000,0.000000,0,0
853,305.158975,0.000000,0.000000,0,0
854,305.941171,0.000000,0.000000,0,0
855,306.921814,0.000000,0.000000,0,0
856,307.902582,0.000000,0.000000,0,0
857,308.883473,0.000000,0.000000,0,0
858,309.864487,0.000000,0.000000,0,0
859,310.845621,0.000000,0.000000,0,0
860,311.636006,0.000000,0.000000,0,0
861,312.617978,0.000000,0.000000,0,0
862,313.413465,0.000000,0.000000,0,0
863,314.396247,0.000000,0.000000,0,0
864,315.196764,0.000000,0.000000,0,0
865,316.180328,0.000000,0.000000,0,0
866,317.163995,0.000000,0.000000,0,0
867,317.970124,0.000000,0.000000,0,0
868,318.954542,0.000000,0.000000,0,0
869,319.939057,0.000000,0.000000,0,0
870,320.750682,0.000000,0.000000,0,0
871,321.735917,0.000000,0.000000,0,0
872,322.552321,0.000000,0.000000,0,0
873,323.538251,0.000000,0.000000,0,0
874,324.524267,0.000000,0.000000,0,0
875,325.510368,0.000000,0.000000,0,0
876,326.496554,0.000000,0.000000,0,0
877,327.482824,0.000000,0.000000,0,0
878,328.306259,0.000000,0.000000,0,0
879,329.293182,0.000000,0.000000,0,0
880,330.280184,0.000000,0.000000,0,0
881,331.108743,0.000000,0.000000,0,0
882,332.096372,0.000000,0.000000,0,0
883,332.929422,0.000000,0.000000,0,0
884,333.917655,0.000000,0.000000,0,0
885,334.755134,0.000000,0.000000,0,0
886,335.596484,0.000000,0.000000,0,0
887,336.585799,0.000000,0.000000,0,0
888,337.431475,0.000000,0.000000,0,0
889,338.421335,0.000000,0.000000,0,0
890,339.271278,0.000000,0.000000,0,0
891,340.261664,0.000000,0.000000,0,0
892,341.115816,0.000000,0.000000,0,0
893,342.106708,0.000000,0.000000,0,0
894,342.965013,0.000000,0.000000,0,0
895,343.956393,0.000000,0.000000,0,0
896,344.818793,0.000000,0.000000,0,0
897,345.810642,0.000000,0.000000,0,0
898,346.677083,0.000000,0.000000,0,0
899,347.669383,0.000000,0.000000,0,0
900,348.661727,0.000000,0.000000,0,0
901,349.532545,0.000000,0.000000,0,0
902,350.525320,0.000000,0.000000,0,0
903,351.518136,0.000000,0.000000,0,0
904,352.393246,0.000000,0.000000,0,0
905,353.386474,0.000000,0.000000,0,0
906,354.379740,0.000000,0.000000,0,0
907,355.259060,0.000000,0.000000,0,0
908,356.141826,0.000000,0.000000,0,0
909,357.135829,0.000000,0.000000,0,0
910,358.022346,0.000000,0.000000,0,0
911,359.016713,0.000000,0.000000,0,0
912,359.906932,0.000000,0.000000,0,0
913,360.901649,0.000000,0.000000,0,0
914,361.795522,0.000000,0.000000,0,0
915,362.692707,0.000000,0.000000,0,0
916,363.688053,0.000000,0.000000,0,0
917,364.683424,0.000000,0.000000,0,0
918,365.584464,0.000000,0.000000,0,0
919,366.580141,0.000000,0.000000,0,0
920,367.484694,0.000000,0.000000,0,0
921,368.392454,0.000000,0.000000,0,0
922,369.388684,0.000000,0.000000,0,0
923,370.384935,0.000000,0.000000,0,0
924,371.381206,0.000000,0.000000,0,0
925,372.292895,0.000000,0.000000,0,0
926,373.207717,0.000000,0.000000,0,0
927,374.204490,0.000000,0.000000,0,0
928,375.122647,0.000000,0.000000,0,0
929,376.119662,0.000000,0.000000,0,0
930,377.041112,0.000000,0.000000,0,0
931,377.965607,0.000000,0.000000,0,0
932,378.963059,0.000000,0.000000,0,0
933,379.890774,0.000000,0.000000,0,0
934,380.821480,0.000000,0.000000,0,0
935,381.755157,0.000000,0.000000,0,0
936,382.753184,0.000000,0.000000,0,0
937,383.689979,0.000000,0.000000,0,0
938,384.629692,0.000000,0.000000,0,0
939,385.628059,0.000000,0.000000,0,0
940,386.570821,0.000000,0.000000,0,0
941,387.516451,0.000000,0.000000,0,0
942,388.515122,0.000000,0.000000,0,0
943,389.463734,0.000000,0.000000,0,0
944,390.415164,0.000000,0.000000,0,0
945,391.369391,0.000000,0.000000,0,0
946,392.326395,0.000000,0.000000,0,0
947,393.286155,0.000000,0.000000,0,0
948,394.248653,0.000000,0.000000,0,0
949,395.248023,0.000000,0.000000,0,0
950,396.213326,0.000000,0.000000,0,0
951,397.181319,0.000000,0.000000,0,0
952,398.151981,0.000000,0.000000,0,0
953,399.125294,0.000000,0.000000,0,0
954,400.124980,0.000000,0.000000,0,0
955,401.100985,0.000000,0.000000,0,0
956,402.079594,0.000000,0.000000,0,0
957,403.079397,0.000000,0.000000,0,0
958,404.079200,0.000000,0.000000,0,0
959,404.060639,0.000000,0.000000,0,0
960,405.044442,0.000000,0.000000,0,0
961,406.030787,0.000000,0.000000,0,0
962,407.030711,0.000000,0.000000,0,0
963,408.030636,0.000000,0.000000,0,0
964,409.030561,0.000000,0.000000,0,0
965,410.019512,0.000000,0.000000,0,0
966,411.019464,0.000000,0.000000,0,0
967,412.019417,0.000000,0.000000,0,0
968,413.010896,0.000000,0.000000,0,0
969,414.010869,0.000000,0.000000,0,0
970,415.010843,0.000000,0.000000,0,0
971,416.010817,0.000000,0.000000,0,0
972,417.010791,0.000000,0.000000,0,0
973,418.010765,0.000000,0.000000,0,0
974,419.010740,0.000000,0.000000,0,0
975,420.010714,0.000000,0.000000,0,0
976,421.010689,0.000000,0.000000,0,0
977,422.010663,0.000000,0.000000,0,0
978,423.004728,0.000000,0.000000,0,0
979,424.004717,0.000000,0.000000,0,0
980,425.004706,0.000000,0.000000,0,0
981,426.004695,0.000000,0.000000,0,0
982,427.001171,0.000000,0.000000,0,0
983,428.001168,0.000000,0.000000,0,0
984,429.001165,0.000000,0.000000,0,0
985,430.001163,0.000000,0.000000,0,0
986,431.000000,0.000000,0.000000,0,0
987,432.000000,0.000000,0.000000,0,0
988,433.000000,0.000000,0.000000,0,0
989,434.001152,0.000000,0.000000,0,0
990,435.001149,0.000000,0.000000,0,0
991,436.001147,0.000000,0.000000,0,0
992,437.004577,0.000000,0.000000,0,0
993,438.004566,0.000000,0.000000,0,0
994,439.004556,0.000000,0.000000,0,0
995,440.010227,0.000000,0.000000,0,0
996,441.010204,0.000000,0.000000,0,0
997,442.018099,0.000000,0.000000,0,0
998,443.018058,0.000000,0.000000,0,0
999,444.028152,0.000000,0.000000,0,0
1000,445.028089,0.000000,0.000000,0,0
1001,446.028026,0.000000,0.000000,0,0
1002,447.027963,0.000000,0.000000,0,0
1003,448.040177,0.000000,0.000000,0,0
1004,449.040087,0.000000,0.000000,0,0
1005,450.054441,0.000000,0.000000,0,0
1006,451.054320,0.000000,0.000000,0,0
1007,452.054200,0.000000,0.000000,0,0
1008,453.070635,0.000000,0.000000,0,0
1009,454.070479,0.000000,0.000000,0,0
1010,455.070324,0.000000,0.000000,0,0
1011,456.088807,0.000000,0.000000,0,0
1012,457.088613,0.000000,0.000000,0,0
1013,458.088419,0.000000,0.000000,0,0
1014,459.108920,0.000000,0.000000,0,0
1015,460.131503,0.000000,0.000000,0,0
1016,461.131218,0.000000,0.000000,0,0
1017,462.130934,0.000000,0.000000,0,0
1018,463.130651,0.000000,0.000000,0,0
1019,464.155146,0.000000,0.000000,0,0
1020,465.154813,0.000000,0.000000,0,0
1021,466.181295,0.000000,0.000000,0,0
1022,467.180907,0.000000,0.000000,0,0
1023,468.209355,0.000000,0.000000,0,0
1024,469.208909,0.000000,0.000000,0,0
1025,470.208464,0.000000,0.000000,0,0
1026,471.238793,0.000000,0.000000,0,0
1027,472.238287,0.000000,0.000000,0,0
1028,473.237784,0.000000,0.000000,0,0
1029,474.269965,0.000000,0.000000,0,0
1030,475.269397,0.000000,0.000000,0,0
1031,476.303475,0.000000,0.000000,0,0
1032,477.302839,0.000000,0.000000,0,0
1033,478.302206,0.000000,0.000000,0,0
1034,479.338085,0.000000,0.000000,0,0
1035,480.337381,0.000000,0.000000,0,0
1036,481.375114,0.000000,0.000000,0,0
1037,482.414759,0.000000,0.000000,0,0
1038,483.456306,0.000000,0.000000,0,0
1039,484.499742,0.000000,0.000000,0,0
1040,485.545055,0.000000,0.000000,0,0
1041,486.592232,0.000000,0.000000,0,0
1042,487.641262,0.000000,0.000000,0,0
1043,487.693551,0.000000,0.000000,0,0
1044,487.747886,0.000000,0.000000,0,0
1045,487.804264,0.000000,0.000000,0,0
1046,486.805916,0.000000,0.000000,0,0
1047,485.807575,0.000000,0.000000,0,0
1048,484.809241,0.000000,0.000000,0,0
1049,483.810913,0.000000,0.000000,0,0
1050,482.755632,0.000000,0.000000,0,0
1051,481.757200,0.000000,0.000000,0,0
1052,480.758775,0.000000,0.000000,0,0
1053,479.760357,0.000000,0.000000,0,0
1054,478.706591,0.000000,0.000000,0,0
1055,477.708070,0.000000,0.000000,0,0
1056,476.709555,0.000000,0.000000,0,0
1057,475.711047,0.000000,0.000000,0,0
1058,474.712545,0.000000,0.000000,0,0
1059,473.714049,0.000000,0.000000,0,0
1060,472.715559,0.000000,0.000000,0,0
1061,471.773251,0.000000,0.000000,0,0
1062,470.774893,0.000000,0.000000,0,0
1063,469.776543,0.000000,0.000000,0,0
1064,468.778199,0.000000,0.000000,0,0
1065,467.779863,0.000000,0.000000,0,0
1066,466.781533,0.000000,0.000000,0,0
1067,465.726314,0.000000,0.000000,0,0
1068,464.727877,0.000000,0.000000,0,0
1069,463.674455,0.000000,0.000000,0,0
1070,462.675912,0.000000,0.000000,0,0
1071,461.624306,0.000000,0.000000,0,0
1072,460.574641,0.000000,0.000000,0,0
1073,459.575891,0.000000,0.000000,0,0
1074,458.528080,0.000000,0.000000,0,0
1075,457.482240,0.000000,0.000000,0,0
1076,456.438386,0.000000,0.000000,0,0
1077,455.396531,0.000000,0.000000,0,0
1078,454.356688,0.000000,0.000000,0,0
1079,453.318872,0.000000,0.000000,0,0
1080,452.319577,0.000000,0.000000,0,0
1081,451.283725,0.000000,0.000000,0,0
1082,450.249931,0.000000,0.000000,0,0
1083,449.250487,0.000000,0.000000,0,0
1084,448.218697,0.000000,0.000000,0,0
1085,447.219186,0.000000,0.000000,0,0
1086,446.189422,0.000000,0.000000,0,0
1087,445.189847,0.000000,0.000000,0,0
1088,444.190275,0.000000,0.000000,0,0
1089,443.162498,0.000000,0.000000,0,0
1090,442.162866,0.000000,0.000000,0,0
1091,441.137167,0.000000,0.000000,0,0
1092,440.137479,0.000000,0.000000,0,0
1093,439.137792,0.000000,0.000000,0,0
1094,438.114140,0.000000,0.000000,0,0
1095,437.114402,0.000000,0.000000,0,0
1096,436.114664,0.000000,0.000000,0,0
1097,435.114927,0.000000,0.000000,0,0
1098,434.115192,0.000000,0.000000,0,0
1099,433.115458,0.000000,0.000000,0,0
1100,432.093740,0.000000,0.000000,0,0
1101,431.093957,0.000000,0.000000,0,0
1102,430.094176,0.000000,0.000000,0,0
1103,429.094395,0.000000,0.000000,0,0
1104,428.094616,0.000000,0.000000,0,0
1105,427.094837,0.000000,0.000000,0,0
1106,426.075111,0.000000,0.000000,0,0
1107,425.075287,0.000000,0.000000,0,0
1108,424.075465,0.000000,0.000000,0,0
1109,423.075643,0.000000,0.000000,0,0
1110,422.075823,0.000000,0.000000,0,0
1111,421.076003,0.000000,0.000000,0,0
1112,420.076184,0.000000,0.000000,0,0
1113,419.076365,0.000000,0.000000,0,0
1114,418.076548,0.000000,0.000000,0,0
1115,417.076732,0.000000,0.000000,0,0
1116,416.076916,0.000000,0.000000,0,0
1117,415.077101,0.000000,0.000000,0,0
1118,414.077287,0.000000,0.000000,0,0
1119,413.077475,0.000000,0.000000,0,0
1120,412.077663,0.000000,0.000000,0,0
1121,411.077852,0.000000,0.000000,0,0
1122,410.078041,0.000000,0.000000,0,0
1123,409.078232,0.000000,0.000000,0,0
1124,408.078424,0.000000,0.000000,0,0
1125,407.099496,0.000000,0.000000,0,0
1126,406.123134,0.000000,0.000000,0,0
1127,405.123438,0.000000,0.000000,0,0
1128,404.123743,0.000000,0.000000,0,0
1129,403.150096,0.000000,0.000000,0,0
1130,403.178620,0.000000,0.000000,0,0
1131,402.179065,0.000000,0.000000,0,0
1132,401.210668,0.000000,0.000000,0,0
1133,400.211194,0.000000,0.000000,0,0
1134,399.245538,0.000000,0.000000,0,0
1135,398.282563,0.000000,0.000000,0,0
1136,397.283274,0.000000,0.000000,0,0
1137,396.323101,0.000000,0.000000,0,0
1138,395.323918,0.000000,0.000000,0,0
1139,394.366581,0.000000,0.000000,0,0
1140,393.367513,0.000000,0.000000,0,0
1141,392.413048,0.000000,0.000000,0,0
1142,391.414103,0.000000,0.000000,0,0
1143,390.415164,0.000000,0.000000,0,0
1144,389.463734,0.000000,0.000000,0,0
1145,388.464928,0.000000,0.000000,0,0
1146,387.466128,0.000000,0.000000,0,0
1147,386.467334,0.000000,0.000000,0,0
1148,385.519131,0.000000,0.000000,0,0
1149,384.520481,0.000000,0.000000,0,0
1150,383.575286,0.000000,0.000000,0,0
1151,382.576790,0.000000,0.000000,0,0
1152,381.578301,0.000000,0.000000,0,0
1153,380.636309,0.000000,0.000000,0,0
1154,379.637985,0.000000,0.000000,0,0
1155,378.639670,0.000000,0.000000,0,0
1156,377.700940,0.000000,0.000000,0,0
1157,376.702801,0.000000,0.000000,0,0
1158,375.767215,0.000000,0.000000,0,0
1159,374.769262,0.000000,0.000000,0,0
1160,373.836863,0.000000,0.000000,0,0
1161,372.839107,0.000000,0.000000,0,0
1162,371.841364,0.000000,0.000000,0,0
1163,370.912389,0.000000,0.000000,0,0
1164,369.914855,0.000000,0.000000,0,0
1165,368.917335,0.000000,0.000000,0,0
1166,367.919828,0.000000,0.000000,0,0
1167,366.922335,0.000000,0.000000,0,0
1168,365.924856,0.000000,0.000000,0,0
1169,364.927390,0.000000,0.000000,0,0
1170,364.002747,0.000000,0.000000,0,0
1171,363.005510,0.000000,0.000000,0,0
1172,362.008287,0.000000,0.000000,0,0
1173,361.087247,0.000000,0.000000,0,0
1174,360.090266,0.000000,0.000000,0,0
1175,359.093303,0.000000,0.000000,0,0
1176,358.096356,0.000000,0.000000,0,0
1177,357.179227,0.000000,0.000000,0,0
1178,356.182537,0.000000,0.000000,0,0
1179,355.185867,0.000000,0.000000,0,0
1180,354.189215,0.000000,0.000000,0,0
1181,353.192582,0.000000,0.000000,0,0
1182,352.195968,0.000000,0.000000,0,0
1183,351.283361,0.000000,0.000000,0,0
1184,350.287025,0.000000,0.000000,0,0
1185,349.290710,0.000000,0.000000,0,0
1186,348.294416,0.000000,0.000000,0,0
1187,347.385953,0.000000,0.000000,0,0
1188,346.389954,0.000000,0.000000,0,0
1189,345.393978,0.000000,0.000000,0,0
1190,344.489477,0.000000,0.000000,0,0
1191,343.493814,0.000000,0.000000,0,0
1192,342.498175,0.000000,0.000000,0,0
1193,341.597717,0.000000,0.000000,0,0
1194,340.602408,0.000000,0.000000,0,0
1195,339.607126,0.000000,0.000000,0,0
1196,338.710791,0.000000,0.000000,0,0
1197,337.715857,0.000000,0.000000,0,0
1198,336.720953,0.000000,0.000000,0,0
1199,335.828825,0.000000,0.000000,0,0
1200,334.834287,0.000000,0.000000,0,0
1201,333.839782,0.000000,0.000000,0,0
1202,332.951948,0.000000,0.000000,0,0
1203,331.957829,0.000000,0.000000,0,0
1204,330.963744,0.000000,0.000000,0,0
1205,330.080293,0.000000,0.000000,0,0
1206,329.086615,0.000000,0.000000,0,0
1207,328.207252,0.000000,0.000000,0,0
1208,327.213997,0.000000,0.000000,0,0
1209,326.220784,0.000000,0.000000,0,0
1210,325.227613,0.000000,0.000000,0,0
1211,324.234483,0.000000,0.000000,0,0
1212,323.360480,0.000000,0.000000,0,0
1213,322.367802,0.000000,0.000000,0,0
1214,321.375170,0.000000,0.000000,0,0
1215,320.505850,0.000000,0.000000,0,0
1216,319.513693,0.000000,0.000000,0,0
1217,318.648709,0.000000,0.000000,0,0
1218,317.657048,0.000000,0.000000,0,0
1219,316.665439,0.000000,0.000000,0,0
1220,315.673882,0.000000,0.000000,0,0
1221,314.682380,0.000000,0.000000,0,0
1222,313.690931,0.000000,0.000000,0,0
1223,312.699536,0.000000,0.000000,0,0
1224,311.708197,0.000000,0.000000,0,0
1225,310.716913,0.000000,0.000000,0,0
1226,309.725685,0.000000,0.000000,0,0
1227,308.734514,0.000000,0.000000,0,0
1228,307.743400,0.000000,0.000000,0,0
1229,306.752343,0.000000,0.000000,0,0
1230,305.761345,0.000000,0.000000,0,0
1231,304.770405,0.000000,0.000000,0,0
1232,303.916107,0.000000,0.000000,0,0
1233,302.925733,0.000000,0.000000,0,0
1234,301.935424,0.000000,0.000000,0,0
1235,300.945178,0.000000,0.000000,0,0
1236,299.954997,0.000000,0.000000,0,0
1237,298.964881,0.000000,0.000000,0,0
1238,297.974831,0.000000,0.000000,0,0
1239,296.984848,0.000000,0.000000,0,0
1240,296.138481,0.000000,0.000000,0,0
1241,295.149115,0.000000,0.000000,0,0
1242,294.159821,0.000000,0.000000,0,0
1243,293.170599,0.000000,0.000000,0,0
1244,292.181450,0.000000,0.000000,0,0
1245,291.192376,0.000000,0.000000,0,0
1246,290.203377,0.000000,0.000000,0,0
1247,289.214453,0.000000,0.000000,0,0
1248,288.376490,0.000000,0.000000,0,0
1249,287.388239,0.000000,0.000000,0,0
1250,286.400070,0.000000,0.000000,0,0
1251,285.411983,0.000000,0.000000,0,0
1252,284.423979,0.000000,0.000000,0,0
1253,283.436060,0.000000,0.000000,0,0
1254,282.448225,0.000000,0.000000,0,0
1255,281.460477,0.000000,0.000000,0,0
1256,280.472815,0.000000,0.000000,0,0
1257,279.485241,0.000000,0.000000,0,0
1258,278.497756,0.000000,0.000000,0,0
1259,277.510360,0.000000,0.000000,0,0
1260,276.523055,0.000000,0.000000,0,0
1261,275.697298,0.000000,0.000000,0,0
1262,274.876336,0.000000,0.000000,0,0
1263,273.890489,0.000000,0.000000,0,0
1264,273.075081,0.000000,0.000000,0,0
1265,272.090059,0.000000,0.000000,0,0
1266,271.105146,0.000000,0.000000,0,0
1267,270.296134,0.000000,0.000000,0,0
1268,269.312087,0.000000,0.000000,0,0
1269,268.328157,0.000000,0.000000,0,0
1270,267.525700,0.000000,0.000000,0,0
1271,266.542680,0.000000,0.000000,0,0
1272,265.559786,0.000000,0.000000,0,0
1273,264.764046,0.000000,0.000000,0,0
1274,263.782107,0.000000,0.000000,0,0
1275,262.800304,0.000000,0.000000,0,0
1276,261.818640,0.000000,0.000000,0,0
1277,260.837114,0.000000,0.000000,0,0
1278,260.049995,0.000000,0.000000,0,0
1279,259.069489,0.000000,0.000000,0,0
1280,258.288598,0.000000,0.000000,0,0
1281,257.309153,0.000000,0.000000,0,0
1282,256.329866,0.000000,0.000000,0,0
1283,255.556256,0.000000,0.000000,0,0
1284,254.578082,0.000000,0.000000,0,0
1285,253.600079,0.000000,0.000000,0,0
1286,252.622248,0.000000,0.000000,0,0
1287,251.644591,0.000000,0.000000,0,0
1288,250.880450,0.000000,0.000000,0,0
1289,249.903982,0.000000,0.000000,0,0
1290,249.146543,0.000000,0.000000,0,0
1291,248.171312,0.000000,0.000000,0,0
1292,247.420694,0.000000,0.000000,0,0
1293,246.446749,0.000000,0.000000,0,0
1294,245.473013,0.000000,0.000000,0,0
1295,244.730464,0.000000,0.000000,0,0
1296,243.758077,0.000000,0.000000,0,0
1297,242.785914,0.000000,0.000000,0,0
1298,241.813978,0.000000,0.000000,0,0
1299,241.080899,0.000000,0.000000,0,0
1300,240.110391,0.000000,0.000000,0,0
1301,239.140126,0.000000,0.000000,0,0
1302,238.170107,0.000000,0.000000,0,0
1303,237.446836,0.000000,0.000000,0,0
1304,236.478329,0.000000,0.000000,0,0
1305,235.510085,0.000000,0.000000,0,0
1306,234.795656,0.000000,0.000000,0,0
1307,233.828997,0.000000,0.000000,0,0
1308,232.862620,0.000000,0.000000,0,0
1309,231.896529,0.000000,0.000000,0,0
1310,231.192560,0.000000,0.000000,0,0
1311,230.228148,0.000000,0.000000,0,0
1312,229.264040,0.000000,0.000000,0,0
1313,228.300241,0.000000,0.000000,0,0
1314,227.607118,0.000000,0.000000,0,0
1315,226.645097,0.000000,0.000000,0,0
1316,225.683407,0.000000,0.000000,0,0
1317,224.722051,0.000000,0.000000,0,0
1318,223.761033,0.000000,0.000000,0,0
1319,222.800359,0.000000,0.000000,0,0
1320,221.840032,0.000000,0.000000,0,0
1321,220.880058,0.000000,0.000000,0,0
1322,219.920440,0.000000,0.000000,0,0
1323,218.961184,0.000000,0.000000,0,0
1324,218.002294,0.000000,0.000000,0,0
1325,217.043774,0.000000,0.000000,0,0
1326,216.374675,0.000000,0.000000,0,0
1327,215.418198,0.000000,0.000000,0,0
1328,214.462118,0.000000,0.000000,0,0
1329,213.506440,0.000000,0.000000,0,0
1330,212.551170,0.000000,0.000000,0,0
1331,211.896201,0.000000,0.000000,0,0
1332,210.943120,0.000000,0.000000,0,0
1333,209.990476,0.000000,0.000000,0,0
1334,209.038274,0.000000,0.000000,0,0
1335,208.086520,0.000000,0.000000,0,0
1336,207.135222,0.000000,0.000000,0,0
1337,206.184384,0.000000,0.000000,0,0
1338,205.548048,0.000000,0.000000,0,0
1339,204.599609,0.000000,0.000000,0,0
1340,203.651663,0.000000,0.000000,0,0
1341,202.704218,0.000000,0.000000,0,0
1342,201.757280,0.000000,0.000000,0,0
1343,201.136769,0.000000,0.000000,0,0
1344,200.192407,0.000000,0.000000,0,0
1345,199.248588,0.000000,0.000000,0,0
1346,198.305320,0.000000,0.000000,0,0
1347,197.362610,0.000000,0.000000,0,0
1348,196.420467,0.000000,0.000000,0,0
1349,195.478899,0.000000,0.000000,0,0
1350,194.200927,0.000000,0.000000,0,0
1351,193.597521,0.000000,0.000000,0,0
1352,192.657728,0.000000,0.000000,0,0
1353,191.718544,0.000000,0.000000,0,0
1354,190.779978,0.000000,0.000000,0,0
1355,189.842040,0.000000,0.000000,0,0
1356,188.904738,0.000000,0.000000,0,0
1357,187.968082,0.000000,0.000000,0,0
1358,187.032083,0.000000,0.000000,0,0
1359,186.453748,0.000000,0.000000,0,0
1360,185.520888,0.000000,0.000000,0,0
1361,184.588732,0.000000,0.000000,0,0
1362,184.024455,0.000000,0.000000,0,0
1363,183.095603,0.000000,0.000000,0,0
1364,182.167505,0.000000,0.000000,0,0
1365,181.240172,0.000000,0.000000,0,0
1366,180.313616,0.000000,0.000000,0,0
1367,179.769297,0.000000,0.000000,0,0
1368,178.846303,0.000000,0.000000,0,0
1369,177.924141,0.000000,0.000000,0,0
1370,177.002825,0.000000,0.000000,0,0
1371,176.082367,0.000000,0.000000,0,0
1372,175.162781,0.000000,0.000000,0,0
1373,174.244082,0.000000,0.000000,0,0
1374,173.326282,0.000000,0.000000,0,0
1375,172.011628,0.000000,0.000000,0,0
1376,171.093542,0.000000,0.000000,0,0
1377,170.176379,0.000000,0.000000,0,0
1378,169.260155,0.000000,0.000000,0,0
1379,168.344884,0.000000,0.000000,0,0
1380,167.430583,0.000000,0.000000,0,0
1381,166.517266,0.000000,0.000000,0,0
1382,166.018071,0.000000,0.000000,0,0
1383,165.109055,0.000000,0.000000,0,0
1384,164.201096,0.000000,0.000000,0,0
1385,163.294213,0.000000,0.000000,0,0
1386,162.388423,0.000000,0.000000,0,0
1387,161.913557,0.000000,0.000000,0,0
1388,161.012422,0.000000,0.000000,0,0
1389,160.112460,0.000000,0.000000,0,0
1390,159.655880,0.000000,0.000000,0,0
1391,158.760826,0.000000,0.000000,0,0
1392,157.867033,0.000000,0.000000,0,0
1393,156.974520,0.000000,0.000000,0,0
1394,156.083311,0.000000,0.000000,0,0
1395,155.193428,0.000000,0.000000,0,0
1396,154.304893,0.000000,0.000000,0,0
1397,153.417730,0.000000,0.000000,0,0
1398,152.531964,0.000000,0.000000,0,0
1399,152.118375,0.000000,0.000000,0,0
1400,151.238223,0.000000,0.000000,0,0
1401,150.359569,0.000000,0.000000,0,0
1402,149.482440,0.000000,0.000000,0,0
1403,148.124947,0.000000,0.000000,0,0
1404,147.248090,0.000000,0.000000,0,0
1405,145.890370,0.000000,0.000000,0,0
1406,145.013792,0.000000,0.000000,0,0
1407,144.138822,0.000000,0.000000,0,0
1408,143.265488,0.000000,0.000000,0,0
1409,142.393820,0.000000,0.000000,0,0
1410,141.523850,0.000000,0.000000,0,0
1411,141.155942,0.000000,0.000000,0,0
1412,140.292551,0.000000,0.000000,0,0
1413,139.430987,0.000000,0.000000,0,0
1414,138.571281,0.000000,0.000000,0,0
1415,138.231690,0.000000,0.000000,0,0
1416,137.379038,0.000000,0.000000,0,0
1417,136.528385,0.000000,0.000000,0,0
1418,135.679770,0.000000,0.000000,0,0
1419,134.833230,0.000000,0.000000,0,0
1420,133.988806,0.000000,0.000000,0,0
1421,133.146536,0.000000,0.000000,0,0
1422,132.853303,0.000000,0.000000,0,0
1423,132.018938,0.000000,0.000000,0,0
1424,131.186890,0.000000,0.000000,0,0
1425,130.357202,0.000000,0.000000,0,0
1426,129.529919,0.000000,0.000000,0,0
1427,129.274901,0.000000,0.000000,0,0
1428,128.456218,0.000000,0.000000,0,0
1429,128.222463,0.000000,0.000000,0,0
1430,126.826653,0.000000,0.000000,0,0
1431,126.015872,0.000000,0.000000,0,0
1432,124.619421,0.000000,0.000000,0,0
1433,123.810339,0.000000,0.000000,0,0
1434,123.004065,0.000000,0.000000,0,0
1435,122.200655,0.000000,0.000000,0,0
1436,121.400165,0.000000,0.000000,0,0
1437,120.602653,0.000000,0.000000,0,0
1438,119.808180,0.000000,0.000000,0,0
1439,119.016806,0.000000,0.000000,0,0
1440,118.848643,0.000000,0.000000,0,0
1441,118.067777,0.000000,0.000000,0,0
1442,117.290238,0.000000,0.000000,0,0
1443,116.516093,0.000000,0.000000,0,0
1444,115.745410,0.000000,0.000000,0,0
1445,115.624392,0.000000,0.000000,0,0
1446,114.865138,0.000000,0.000000,0,0
1447,114.109596,0.000000,0.000000,0,0
1448,113.357840,0.000000,0.000000,0,0
1449,112.609946,0.000000,0.000000,0,0
1450,111.865991,0.000000,0.000000,0,0
1451,111.126055,0.000000,0.000000,0,0
1452,109.713263,0.000000,0.000000,0,0
1453,108.977062,0.000000,0.000000,0,0
1454,107.563934,0.000000,0.000000,0,0
1455,106.831643,0.000000,0.000000,0,0
1456,106.103723,0.000000,0.000000,0,0
1457,105.380264,0.000000,0.000000,0,0
1458,104.661359,0.000000,0.000000,0,0
1459,103.947102,0.000000,0.000000,0,0
1460,103.237590,0.000000,0.000000,0,0
1461,102.532922,0.000000,0.000000,0,0
1462,101.833197,0.000000,0.000000,0,0
1463,101.862653,0.000000,0.000000,0,0
1464,101.178061,0.000000,0.000000,0,0
1465,100.498756,0.000000,0.000000,0,0
1466,100.568385,0.000000,0.000000,0,0
1467,99.904955,0.000000,0.000000,0,0
1468,99.247166,0.000000,0.000000,0,0
1469,98.595132,0.000000,0.000000,0,0
1470,97.948966,0.000000,0.000000,0,0
1471,97.308787,0.000000,0.000000,0,0
1472,96.674712,0.000000,0.000000,0,0
1473,95.268043,0.000000,0.000000,0,0
1474,94.641429,0.000000,0.000000,0,0
1475,94.810337,0.000000,0.000000,0,0
1476,94.201911,0.000000,0.000000,0,0
1477,93.600214,0.000000,0.000000,0,0
1478,93.005376,0.000000,0.000000,0,0
1479,92.417531,0.000000,0.000000,0,0
1480,91.836812,0.000000,0.000000,0,0
1481,91.263355,0.000000,0.000000,0,0
1482,90.697299,0.000000,0.000000,0,0
1483,90.138782,0.000000,0.000000,0,0
1484,89.587946,0.000000,0.000000,0,0
1485,89.044932,0.000000,0.000000,0,0
1486,89.358827,0.000000,0.000000,0,0
1487,88.836929,0.000000,0.000000,0,0
1488,88.323270,0.000000,0.000000,0,0
1489,87.817994,0.000000,0.000000,0,0
1490,87.321246,0.000000,0.000000,0,0
1491,86.833173,0.000000,0.000000,0,0
1492,87.235314,0.000000,0.000000,0,0
1493,86.769810,0.000000,0.000000,0,0
1494,86.313383,0.000000,0.000000,0,0
1495,85.866175,0.000000,0.000000,0,0
1496,85.428333,0.000000,0.000000,0,0
1497,85.906926,0.000000,0.000000,0,0
1498,84.581322,0.000000,0.000000,0,0
1499,84.172442,0.000000,0.000000,0,0
1500,82.855296,0.000000,0.000000,0,0
1501,82.462113,0.000000,0.000000,0,0
1502,82.079230,0.000000,0.000000,0,0
1503,81.706793,0.000000,0.000000,0,0
1504,81.344945,0.000000,0.000000,0,0
1505,80.993827,0.000000,0.000000,0,0
1506,80.653580,0.000000,0.000000,0,0
1507,81.271151,0.000000,0.000000,0,0
1508,80.956779,0.000000,0.000000,0,0
1509,80.653580,0.000000,0.000000,0,0
1510,80.361682,0.000000,0.000000,0,0
1511,81.043198,0.000000,0.000000,0,0
1512,80.777472,0.000000,0.000000,0,0
1513,80.523289,0.000000,0.000000,0,0
1514,80.280757,0.000000,0.000000,0,0
1515,80.049984,0.000000,0.000000,0,0
1516,79.831072,0.000000,0.000000,0,0
1517,78.644771,0.000000,0.000000,0,0
1518,77.466122,0.000000,0.000000,0,0
1519,77.278716,0.000000,0.000000,0,0
1520,77.103826,0.000000,0.000000,0,0
1521,76.941536,0.000000,0.000000,0,0
1522,76.791927,0.000000,0.000000,0,0
1523,76.655072,0.000000,0.000000,0,0
1524,77.524190,0.000000,0.000000,0,0
1525,77.414469,0.000000,0.000000,0,0
1526,77.317527,0.000000,0.000000,0,0
1527,77.233412,0.000000,0.000000,0,0
1528,78.160092,0.000000,0.000000,0,0
1529,78.102497,0.000000,0.000000,0,0
1530,78.057671,0.000000,0.000000,0,0
1531,78.025637,0.000000,0.000000,0,0
1532,78.006410,0.000000,0.000000,0,0
1533,78.000000,0.000000,0.000000,0,0
1534,78.006410,0.000000,0.000000,0,0
1535,78.025637,0.000000,0.000000,0,0
1536,79.056942,0.000000,0.000000,0,0
1537,79.101201,0.000000,0.000000,0,0
1538,79.158070,0.000000,0.000000,0,0
1539,79.227520,0.000000,0.000000,0,0
1540,79.309520,0.000000,0.000000,0,0
1541,78.409183,0.000000,0.000000,0,0
1542,78.517514,0.000000,0.000000,0,0
1543,78.638413,0.000000,0.000000,0,0
1544,78.771822,0.000000,0.000000,0,0
1545,78.917679,0.000000,0.000000,0,0
1546,79.075913,0.000000,0.000000,0,0
1547,79.246451,0.000000,0.000000,0,0
1548,79.429214,0.000000,0.000000,0,0
1549,79.624117,0.000000,0.000000,0,0
1550,79.831072,0.000000,0.000000,0,0
1551,80.049984,0.000000,0.000000,0,0
1552,80.280757,0.000000,0.000000,0,0
1553,80.523289,0.000000,0.000000,0,0
1554,80.777472,0.000000,0.000000,0,0
1555,81.043198,0.000000,0.000000,0,0
1556,81.320354,0.000000,0.000000,0,0
1557,82.565126,0.000000,0.000000,0,0
1558,82.861330,0.000000,0.000000,0,0
1559,83.168504,0.000000,0.000000,0,0
1560,83.486526,0.000000,0.000000,0,0
1561,83.815273,0.000000,0.000000,0,0
1562,85.094066,0.000000,0.000000,0,0
1563,85.440037,0.000000,0.000000,0,0
1564,85.796270,0.000000,0.000000,0,0
1565,86.162637,0.000000,0.000000,0,0
1566,86.539009,0.000000,0.000000,0,0
1567,86.925255,0.000000,0.000000,0,0
1568,87.321246,0.000000,0.000000,0,0
1569,87.726849,0.000000,0.000000,0,0
1570,86.815897,0.000000,0.000000,0,0
1571,86.330759,0.000000,0.000000,0,0
1572,86.764048,0.000000,0.000000,0,0
1573,87.206651,0.000000,0.000000,0,0
1574,87.658428,0.000000,0.000000,0,0
1575,88.119237,0.000000,0.000000,0,0
1576,88.588938,0.000000,0.000000,0,0
1577,89.067390,0.000000,0.000000,0,0
1578,89.554453,0.000000,0.000000,0,0
1579,90.049986,0.000000,0.000000,0,0
1580,90.553851,0.000000,0.000000,0,0
1581,91.923882,0.000000,0.000000,0,0
1582,92.439169,0.000000,0.000000,0,0
1583,92.962358,0.000000,0.000000,0,0
1584,93.493315,0.000000,0.000000,0,0
1585,94.873600,0.000000,0.000000,0,0
1586,95.414884,0.000000,0.000000,0,0
1587,95.963535,0.000000,0.000000,0,0
1588,96.519428,0.000000,0.000000,0,0
1589,97.082439,0.000000,0.000000,0,0
1590,97.652445,0.000000,0.000000,0,0
1591,97.416631,0.000000,0.000000,0,0
1592,97.200823,0.000000,0.000000,0,0
1593,97.800818,0.000000,0.000000,0,0
1594,98.407317,0.000000,0.000000,0,0
1595,99.020200,0.000000,0.000000,0,0
1596,99.639350,0.000000,0.000000,0,0
1597,100.264650,0.000000,0.000000,0,0
1598,100.895986,0.000000,0.000000,0,0
1599,101.533246,0.000000,0.000000,0,0
1600,102.176318,0.000000,0.000000,0,0
1601,103.585713,0.000000,0.000000,0,0
1602,104.235311,0.000000,0.000000,0,0
1603,104.890419,0.000000,0.000000,0,0
1604,105.550936,0.000000,0.000000,0,0
1605,106.962610,0.000000,0.000000,0,0
1606,107.628992,0.000000,0.000000,0,0
1607,108.300508,0.000000,0.000000,0,0
1608,107.563934,0.000000,0.000000,0,0
1609,107.517440,0.000000,0.000000,0,0
1610,108.208133,0.000000,0.000000,0,0
1611,108.903627,0.000000,0.000000,0,0
1612,109.603832,0.000000,0.000000,0,0
1613,110.308658,0.000000,0.000000,0,0
1614,111.018017,0.000000,0.000000,0,0
1615,111.731822,0.000000,0.000000,0,0
1616,112.449989,0.000000,0.000000,0,0
1617,113.172435,0.000000,0.000000,0,0
1618,113.899078,0.000000,0.000000,0,0
1619,114.629839,0.000000,0.000000,0,0
1620,115.364639,0.000000,0.000000,0,0
1621,116.777566,0.000000,0.000000,0,0
1622,117.515956,0.000000,0.000000,0,0
1623,118.928550,0.000000,0.000000,0,0
1624,119.670381,0.000000,0.000000,0,0
1625,120.415946,0.000000,0.000000,0,0
1626,120.507261,0.000000,0.000000,0,0
1627,120.615090,0.000000,0.000000,0,0
1628,121.379570,0.000000,0.000000,0,0
1629,122.147452,0.000000,0.000000,0,0
1630,122.918672,0.000000,0.000000,0,0
1631,123.693169,0.000000,0.000000,0,0
1632,124.470880,0.000000,0.000000,0,0
1633,125.251746,0.000000,0.000000,0,0
1634,126.035709,0.000000,0.000000,0,0
1635,126.822711,0.000000,0.000000,0,0
1636,128.226362,0.000000,0.000000,0,0
1637,129.015503,0.000000,0.000000,0,0
1638,129.807550,0.000000,0.000000,0,0
1639,131.209756,0.000000,0.000000,0,0
1640,132.003788,0.000000,0.000000,0,0
1641,132.800602,0.000000,0.000000,0,0
1642,134.201341,0.000000,0.000000,0,0
1643,135.000000,0.000000,0.000000,0,0
1644,135.801325,0.000000,0.000000,0,0
1645,136.014705,0.000000,0.000000,0,0
1646,136.824705,0.000000,0.000000,0,0
1647,137.058382,0.000000,0.000000,0,0
1648,137.876757,0.000000,0.000000,0,0
1649,138.697513,0.000000,0.000000,0,0
1650,140.089257,0.000000,0.000000,0,0
1651,140.911320,0.000000,0.000000,0,0
1652,141.735669,0.000000,0.000000,0,0
1653,142.562267,0.000000,0.000000,0,0
1654,143.951381,0.000000,0.000000,0,0
1655,144.779142,0.000000,0.000000,0,0
1656,145.609066,0.000000,0.000000,0,0
1657,146.441114,0.000000,0.000000,0,0
1658,147.275253,0.000000,0.000000,0,0
1659,148.111445,0.000000,0.000000,0,0
1660,148.949656,0.000000,0.000000,0,0
1661,149.789853,0.000000,0.000000,0,0
1662,150.632002,0.000000,0.000000,0,0
1663,151.476071,0.000000,0.000000,0,0
1664,151.792622,0.000000,0.000000,0,0
1665,152.643375,0.000000,0.000000,0,0
1666,152.977122,0.000000,0.000000,0,0
1667,153.834326,0.000000,0.000000,0,0
1668,154.693245,0.000000,0.000000,0,0
1669,155.553849,0.000000,0.000000,0,0
1670,156.416112,0.000000,0.000000,0,0
1671,157.280005,0.000000,0.000000,0,0
1672,158.145503,0.000000,0.000000,0,0
1673,159.511755,0.000000,0.000000,0,0
1674,160.377679,0.000000,0.000000,0,0
1675,161.245155,0.000000,0.000000,0,0
1676,162.114157,0.000000,0.000000,0,0
1677,162.984662,0.000000,0.000000,0,0
1678,163.370744,0.000000,0.000000,0,0
1679,164.246766,0.000000,0.000000,0,0
1680,165.124196,0.000000,0.000000,0,0
1681,166.003012,0.000000,0.000000,0,0
1682,166.883193,0.000000,0.000000,0,0
1683,167.764716,0.000000,0.000000,0,0
1684,168.647562,0.000000,0.000000,0,0
1685,169.531708,0.000000,0.000000,0,0
1686,170.417135,0.000000,0.000000,0,0
1687,171.767284,0.000000,0.000000,0,0
1688,172.652831,0.000000,0.000000,0,0
1689,173.539621,0.000000,0.000000,0,0
1690,174.427635,0.000000,0.000000,0,0
1691,175.775425,0.000000,0.000000,0,0
1692,176.663522,0.000000,0.000000,0,0
1693,177.552809,0.000000,0.000000,0,0
1694,178.443268,0.000000,0.000000,0,0
1695,179.334882,0.000000,0.000000,0,0
1696,180.227634,0.000000,0.000000,0,0
1697,179.780422,0.000000,0.000000,0,0
1698,179.337670,0.000000,0.000000,0,0
1699,179.799889,0.000000,0.000000,0,0
1700,180.701411,0.000000,0.000000,0,0
1701,181.603965,0.000000,0.000000,0,0
1702,182.507534,0.000000,0.000000,0,0
1703,183.412104,0.000000,0.000000,0,0
1704,184.317661,0.000000,0.000000,0,0
1705,185.224188,0.000000,0.000000,0,0
1706,186.131674,0.000000,0.000000,0,0
1707,187.040103,0.000000,0.000000,0,0
1708,187.949461,0.000000,0.000000,0,0
1709,188.859736,0.000000,0.000000,0,0
1710,189.770915,0.000000,0.000000,0,0
1711,191.094218,0.000000,0.000000,0,0
1712,192.005208,0.000000,0.000000,0,0
1713,192.917081,0.000000,0.000000,0,0
1714,193.829822,0.000000,0.000000,0,0
1715,194.743421,0.000000,0.000000,0,0
1716,195.657865,0.000000,0.000000,0,0
1717,196.573142,0.000000,0.000000,0,0
1718,197.489240,0.000000,0.000000,0,0
1719,198.406149,0.000000,0.000000,0,0
1720,199.323857,0.000000,0.000000,0,0
1721,200.242353,0.000000,0.000000,0,0
1722,201.161627,0.000000,0.000000,0,0
1723,202.081667,0.000000,0.000000,0,0
1724,201.692836,0.000000,0.000000,0,0
1725,202.232539,0.000000,0.000000,0,0
1726,203.157574,0.000000,0.000000,0,0
1727,203.708125,0.000000,0.000000,0,0
1728,204.636263,0.000000,0.000000,0,0
1729,205.565075,0.000000,0.000000,0,0
1730,206.494552,0.000000,0.000000,0,0
1731,207.424685,0.000000,0.000000,0,0
1732,208.722304,0.000000,0.000000,0,0
1733,209.652093,0.000000,0.000000,0,0
1734,210.582525,0.000000,0.000000,0,0
1735,211.879683,0.000000,0.000000,0,0
1736,212.445287,0.000000,0.000000,0,0
1737,213.377600,0.000000,0.000000,0,0
1738,213.953266,0.000000,0.000000,0,0
1739,214.888343,0.000000,0.000000,0,0
1740,215.824002,0.000000,0.000000,0,0
1741,216.760236,0.000000,0.000000,0,0
1742,217.697037,0.000000,0.000000,0,0
1743,218.634398,0.000000,0.000000,0,0
1744,219.572312,0.000000,0.000000,0,0
1745,220.510771,0.000000,0.000000,0,0
1746,221.449769,0.000000,0.000000,0,0
1747,222.389298,0.000000,0.000000,0,0
1748,223.329353,0.000000,0.000000,0,0
1749,224.269927,0.000000,0.000000,0,0
1750,225.211012,0.000000,0.000000,0,0
1751,226.152603,0.000000,0.000000,0,0
1752,227.094694,0.000000,0.000000,0,0
1753,228.372503,0.000000,0.000000,0,0
1754,229.314195,0.000000,0.000000,0,0
1755,230.256379,0.000000,0.000000,0,0
1756,230.867928,0.000000,0.000000,0,0
1757,231.486501,0.000000,0.000000,0,0
1758,232.112042,0.000000,0.000000,0,0
1759,233.060078,0.000000,0.000000,0,0
1760,234.008547,0.000000,0.000000,0,0
1761,234.957443,0.000000,0.000000,0,0
1762,235.906761,0.000000,0.000000,0,0
1763,236.856497,0.000000,0.000000,0,0
1764,237.806644,0.000000,0.000000,0,0
1765,238.757199,0.000000,0.000000,0,0
1766,239.708156,0.000000,0.000000,0,0
1767,240.659511,0.000000,0.000000,0,0
1768,241.611258,0.000000,0.000000,0,0
1769,242.563394,0.000000,0.000000,0,0
1770,243.515913,0.000000,0.000000,0,0
1771,244.468812,0.000000,0.000000,0,0
1772,245.422085,0.000000,0.000000,0,0
1773,246.677928,0.000000,0.000000,0,0
1774,247.329739,0.000000,0.000000,0,0
1775,247.987903,0.000000,0.000000,0,0
1776,248.652368,0.000000,0.000000,0,0
1777,249.609695,0.000000,0.000000,0,0
1778,250.567356,0.000000,0.000000,0,0
1779,251.525347,0.000000,0.000000,0,0
1780,252.483663,0.000000,0.000000,0,0
1781,253.442301,0.000000,0.000000,0,0
1782,254.401258,0.000000,0.000000,0,0
1783,255.360529,0.000000,0.000000,0,0
1784,256.320112,0.000000,0.000000,0,0
1785,257.280003,0.000000,0.000000,0,0
1786,258.240198,0.000000,0.000000,0,0
1787,259.200694,0.000000,0.000000,0,0
1788,260.161488,0.000000,0.000000,0,0
1789,261.122577,0.000000,0.000000,0,0
1790,261.811001,0.000000,0.000000,0,0
1791,262.505238,0.000000,0.000000,0,0
1792,263.469163,0.000000,0.000000,0,0
1793,264.433356,0.000000,0.000000,0,0
1794,265.397815,0.000000,0.000000,0,0
1795,266.101484,0.000000,0.000000,0,0
1796,267.067407,0.000000,0.000000,0,0
1797,268.033580,0.000000,0.000000,0,0
1798,269.000000,0.000000,0.000000,0,0
1799,269.966665,0.000000,0.000000,0,0
1800,270.933571,0.000000,0.000000,0,0
1801,271.900717,0.000000,0.000000,0,0
1802,272.868100,0.000000,0.000000,0,0
1803,273.835717,0.000000,0.000000,0,0
1804,274.803566,0.000000,0.000000,0,0
1805,275.771645,0.000000,0.000000,0,0
1806,276.492315,0.000000,0.000000,0,0
1807,277.218326,0.000000,0.000000,0,0
1808,278.188785,0.000000,0.000000,0,0
1809,278.921136,0.000000,0.000000,0,0
1810,279.892837,0.000000,0.000000,0,0
1811,280.864736,0.000000,0.000000,0,0
1812,281.836832,0.000000,0.000000,0,0
1813,282.809123,0.000000,0.000000,0,0
1814,283.781606,0.000000,0.000000,0,0
1815,284.754280,0.000000,0.000000,0,0
1816,285.727143,0.000000,0.000000,0,0
1817,286.700192,0.000000,0.000000,0,0
1818,287.673426,0.000000,0.000000,0,0
1819,288.646843,0.000000,0.000000,0,0
1820,289.620441,0.000000,0.000000,0,0
1821,290.594219,0.000000,0.000000,0,0
1822,291.343440,0.000000,0.000000,0,0
1823,292.318320,0.000000,0.000000,0,0
1824,293.293368,0.000000,0.000000,0,0
1825,294.268585,0.000000,0.000000,0,0
1826,295.243967,0.000000,0.000000,0,0
1827,296.219513,0.000000,0.000000,0,0
1828,297.195222,0.000000,0.000000,0,0
1829,298.171092,0.000000,0.000000,0,0
1830,299.365997,0.000000,0.000000,0,0
1831,300.341472,0.000000,0.000000,0,0
1832,301.317109,0.000000,0.000000,0,0
1833,302.292904,0.000000,0.000000,0,0
1834,303.268858,0.000000,0.000000,0,0
1835,304.244967,0.000000,0.000000,0,0
1836,305.006557,0.000000,0.000000,0,0
1837,305.983660,0.000000,0.000000,0,0
1838,306.750713,0.000000,0.000000,0,0
1839,307.728777,0.000000,0.000000,0,0
1840,308.706981,0.000000,0.000000,0,0
1841,309.685324,0.000000,0.000000,0,0
1842,310.663805,0.000000,0.000000,0,0
1843,311.642423,0.000000,0.000000,0,0
1844,312.621177,0.000000,0.000000,0,0
1845,313.600064,0.000000,0.000000,0,0
1846,314.579084,0.000000,0.000000,0,0
1847,315.558236,0.000000,0.000000,0,0
1848,316.537518,0.000000,0.000000,0,0
1849,317.516929,0.000000,0.000000,0,0
1850,318.698917,0.000000,0.000000,0,0
1851,319.677963,0.000000,0.000000,0,0
1852,320.657138,0.000000,0.000000,0,0
1853,321.435841,0.000000,0.000000,0,0
1854,322.218870,0.000000,0.000000,0,0
1855,323.006192,0.000000,0.000000,0,0
1856,323.987654,0.000000,0.000000,0,0
1857,324.969229,0.000000,0.000000,0,0
1858,325.950917,0.000000,0.000000,0,0
1859,326.932715,0.000000,0.000000,0,0
1860,327.914623,0.000000,0.000000,0,0
1861,328.896640,0.000000,0.000000,0,0
1862,329.878766,0.000000,0.000000,0,0
1863,330.860998,0.000000,0.000000,0,0
1864,331.843337,0.000000,0.000000,0,0
1865,332.825780,0.000000,0.000000,0,0
1866,333.995509,0.000000,0.000000,0,0
1867,334.977611,0.000000,0.000000,0,0
1868,335.959819,0.000000,0.000000,0,0
1869,336.756589,0.000000,0.000000,0,0
1870,337.557403,0.000000,0.000000,0,0
1871,338.362232,0.000000,0.000000,0,0
1872,339.346431,0.000000,0.000000,0,0
1873,340.330722,0.000000,0.000000,0,0
1874,341.315104,0.000000,0.000000,0,0
1875,342.299576,0.000000,0.000000,0,0
1876,343.110769,0.000000,0.000000,0,0
1877,344.095917,0.000000,0.000000,0,0
1878,345.081150,0.000000,0.000000,0,0
1879,346.066468,0.000000,0.000000,0,0
1880,347.051869,0.000000,0.000000,0,0
1881,348.037354,0.000000,0.000000,0,0
1882,349.022922,0.000000,0.000000,0,0
1883,350.008571,0.000000,0.000000,0,0
1884,350.994302,0.000000,0.000000,0,0
1885,351.980113,0.000000,0.000000,0,0
1886,352.966004,0.000000,0.000000,0,0
1887,353.951974,0.000000,0.000000,0,0
1888,354.938023,0.000000,0.000000,0,0
1889,355.759750,0.000000,0.000000,0,0
1890,356.746409,0.000000,0.000000,0,0
1891,357.733141,0.000000,0.000000,0,0
1892,357.572370,0.000000,0.000000,0,0
1893,357.414325,0.000000,0.000000,0,0
1894,358.247121,0.000000,0.000000,0,0
1895,359.235299,0.000000,0.000000,0,0
1896,360.223542,0.000000,0.000000,0,0
1897,361.211849,0.000000,0.000000,0,0
1898,362.200221,0.000000,0.000000,0,0
1899,363.188656,0.000000,0.000000,0,0
1900,364.177155,0.000000,0.000000,0,0
1901,365.165716,0.000000,0.000000,0,0
1902,366.154339,0.000000,0.000000,0,0
1903,367.143024,0.000000,0.000000,0,0
1904,368.131770,0.000000,0.000000,0,0
1905,369.120577,0.000000,0.000000,0,0
1906,370.109443,0.000000,0.000000,0,0
1907,369.962160,0.000000,0.000000,0,0
1908,370.807228,0.000000,0.000000,0,0
1909,371.796988,0.000000,0.000000,0,0
1910,372.786802,0.000000,0.000000,0,0
1911,373.776671,0.000000,0.000000,0,0
1912,374.766594,0.000000,0.000000,0,0
1913,375.756570,0.000000,0.000000,0,0
1914,376.607222,0.000000,0.000000,0,0
1915,377.597669,0.000000,0.000000,0,0
1916,378.588167,0.000000,0.000000,0,0
1917,379.578714,0.000000,0.000000,0,0
1918,380.569310,0.000000,0.000000,0,0
1919,381.559956,0.000000,0.000000,0,0
1920,382.550650,0.000000,0.000000,0,0
1921,383.541393,0.000000,0.000000,0,0
1922,384.532183,0.000000,0.000000,0,0
1923,385.659176,0.000000,0.000000,0,0
1924,386.649712,0.000000,0.000000,0,0
1925,386.513907,0.000000,0.000000,0,0
1926,386.380641,0.000000,0.000000,0,0
1927,387.241527,0.000000,0.000000,0,0
1928,388.233177,0.000000,0.000000,0,0
1929,389.097674,0.000000,0.000000,0,0
1930,389.965383,0.000000,0.000000,0,0
1931,390.957798,0.000000,0.000000,0,0
1932,391.950252,0.000000,0.000000,0,0
1933,392.821843,0.000000,0.000000,0,0
1934,393.814677,0.000000,0.000000,0,0
1935,394.807548,0.000000,0.000000,0,0
1936,395.800455,0.000000,0.000000,0,0
1937,396.793397,0.000000,0.000000,0,0
1938,397.786375,0.000000,0.000000,0,0
1939,398.662765,0.000000,0.000000,0,0
1940,399.656102,0.000000,0.000000,0,0
1941,400.649473,0.000000,0.000000,0,0
1942,401.642876,0.000000,0.000000,0,0
1943,402.636312,0.000000,0.000000,0,0
1944,403.629781,0.000000,0.000000,0,0
1945,404.623282,0.000000,0.000000,0,0
1946,405.616814,0.000000,0.000000,0,0
1947,406.610379,0.000000,0.000000,0,0
1948,407.603974,0.000000,0.000000,0,0
1949,408.597602,0.000000,0.000000,0,0
1950,409.591260,0.000000,0.000000,0,0
1951,410.474116,0.000000,0.000000,0,0
1952,411.359940,0.000000,0.000000,0,0
1953,412.248711,0.000000,0.000000,0,0
1954,413.243270,0.000000,0.000000,0,0
1955,414.237854,0.000000,0.000000,0,0
1956,415.130100,0.000000,0.000000,0,0
1957,416.124981,0.000000,0.000000,0,0
1958,417.119887,0.000000,0.000000,0,0
1959,418.114817,0.000000,0.000000,0,0
1960,419.109771,0.000000,0.000000,0,0
1961,420.104749,0.000000,0.000000,0,0
1962,421.099751,0.000000,0.000000,0,0
1963,422.094776,0.000000,0.000000,0,0
1964,423.089825,0.000000,0.000000,0,0
1965,424.084897,0.000000,0.000000,0,0
1966,425.079992,0.000000,0.000000,0,0
1967,424.982353,0.000000,0.000000,0,0
1968,424.887044,0.000000,0.000000,0,0
1969,425.789854,0.000000,0.000000,0,0
1970,426.785660,0.000000,0.000000,0,0
1971,427.781486,0.000000,0.000000,0,0
1972,428.777331,0.000000,0.000000,0,0
1973,429.773196,0.000000,0.000000,0,0
1974,430.769080,0.000000,0.000000,0,0
1975,431.764982,0.000000,0.000000,0,0
1976,432.760904,0.000000,0.000000,0,0
1977,433.668076,0.000000,0.000000,0,0
1978,434.664238,0.000000,0.000000,0,0
1979,435.660418,0.000000,0.000000,0,0
1980,436.570727,0.000000,0.000000,0,0
1981,437.567138,0.000000,0.000000,0,0
1982,438.480330,0.000000,0.000000,0,0
1983,439.476962,0.000000,0.000000,0,0
1984,440.473609,0.000000,0.000000,0,0
1985,441.470271,0.000000,0.000000,0,0
1986,442.386709,0.000000,0.000000,0,0
1987,443.383581,0.000000,0.000000,0,0
1988,444.380468,0.000000,0.000000,0,0
1989,445.377368,0.000000,0.000000,0,0
1990,446.374282,0.000000,0.000000,0,0
1991,447.371211,0.000000,0.000000,0,0
1992,448.368152,0.000000,0.000000,0,0
1993,449.365108,0.000000,0.000000,0,0
1994,450.285465,0.000000,0.000000,0,0
1995,451.208378,0.000000,0.000000,0,0
1996,452.205705,0.000000,0.000000,0,0
1997,453.131328,0.000000,0.000000,0,0
1998,454.128836,0.000000,0.000000,0,0
1999,455.126356,0.000000,0.000000,0,0
2000,456.123887,0.000000,0.000000,0,0
2001,457.121428,0.000000,0.000000,0,0
2002,458.118980,0.000000,0.000000,0,0
2003,459.116543,0.000000,0.000000,0,0
2004,460.045650,0.000000,0.000000,0,0
2005,461.043382,0.000000,0.000000,0,0
2006,462.041124,0.000000,0.000000,0,0
2007,462.973001,0.000000,0.000000,0,0
2008,463.970904,0.000000,0.000000,0,0
2009,464.968816,0.000000,0.000000,0,0
2010,465.903423,0.000000,0.000000,0,0
2011,466.901489,0.000000,0.000000,0,0
2012,467.838647,0.000000,0.000000,0,0
2013,468.897643,0.000000,0.000000,0,0
2014,469.835077,0.000000,0.000000,0,0
2015,470.833304,0.000000,0.000000,0,0
2016,471.831538,0.000000,0.000000,0,0
2017,472.771615,0.000000,0.000000,0,0
2018,473.769986,0.000000,0.000000,0,0
2019,474.768365,0.000000,0.000000,0,0
2020,475.711047,0.000000,0.000000,0,0
2021,475.657440,0.000000,0.000000,0,0
2022,476.604658,0.000000,0.000000,0,0
2023,477.603392,0.000000,0.000000,0,0
2024,478.553027,0.000000,0.000000,0,0
2025,479.551874,0.000000,0.000000,0,0
2026,480.550726,0.000000,0.000000,0,0
2027,481.502856,0.000000,0.000000,0,0
2028,482.501813,0.000000,0.000000,0,0
2029,483.456306,0.000000,0.000000,0,0
2030,484.455364,0.000000,0.000000,0,0
2031,485.412196,0.000000,0.000000,0,0
2032,486.411349,0.000000,0.000000,0,0
2033,487.370496,0.000000,0.000000,0,0
2034,488.369737,0.000000,0.000000,0,0
2035,489.331176,0.000000,0.000000,0,0
2036,490.330501,0.000000,0.000000,0,0
2037,491.294209,0.000000,0.000000,0,0
2038,492.293612,0.000000,0.000000,0,0
2039,493.293016,0.000000,0.000000,0,0
2040,494.259041,0.000000,0.000000,0,0
2041,495.258518,0.000000,0.000000,0,0
2042,496.257997,0.000000,0.000000,0,0
2043,496.226763,0.000000,0.000000,0,0
2044,497.197144,0.000000,0.000000,0,0
2045,498.169650,0.000000,0.000000,0,0
2046,499.144268,0.000000,0.000000,0,0
2047,500.143979,0.000000,0.000000,0,0
2048,501.120744,0.000000,0.000000,0,0
2049,502.099592,0.000000,0.000000,0,0
2050,503.099394,0.000000,0.000000,0,0
2051,504.080351,0.000000,0.000000,0,0
2052,505.063362,0.000000,0.000000,0,0
2053,506.048417,0.000000,0.000000,0,0
2054,507.048321,0.000000,0.000000,0,0
2055,508.048226,0.000000,0.000000,0,0
2056,509.035362,0.000000,0.000000,0,0
2057,510.024509,0.000000,0.000000,0,0
2058,511.015655,0.000000,0.000000,0,0
2059,512.008789,0.000000,0.000000,0,0
2060,513.003899,0.000000,0.000000,0,0
2061,514.003891,0.000000,0.000000,0,0
2062,515.000971,0.000000,0.000000,0,0
2063,516.000000,0.000000,0.000000,0,0
2064,517.000000,0.000000,0.000000,0,0
2065,517.000967,0.000000,0.000000,0,0
2066,518.003861,0.000000,0.000000,0,0
2067,519.008670,0.000000,0.000000,0,0
2068,520.008654,0.000000,0.000000,0,0
2069,521.015355,0.000000,0.000000,0,0
2070,522.015325,0.000000,0.000000,0,0
2071,523.023900,0.000000,0.000000,0,0
2072,524.034350,0.000000,0.000000,0,0
2073,525.034285,0.000000,0.000000,0,0
2074,526.034219,0.000000,0.000000,0,0
2075,527.046488,0.000000,0.000000,0,0
2076,528.060603,0.000000,0.000000,0,0
2077,529.060488,0.000000,0.000000,0,0
2078,530.060374,0.000000,0.000000,0,0
2079,531.076266,0.000000,0.000000,0,0
2080,532.076122,0.000000,0.000000,0,0
2081,533.093800,0.000000,0.000000,0,0
2082,534.113284,0.000000,0.000000,0,0
2083,535.113072,0.000000,0.000000,0,0
2084,536.112861,0.000000,0.000000,0,0
